bench_id,month,hour,shade_frac
11435810926,3,7,0.0000
11435810927,3,7,0.0000
11435810928,3,7,0.0000
11435810929,3,7,0.0000
11435810930,3,7,0.0000
11435810931,3,7,0.0000
11435811010,3,7,0.0000
11435811011,3,7,0.0000
11435811013,3,7,0.0000
11435811014,3,7,0.0000
11435811015,3,7,0.0000
11435811020,3,7,0.0000
11435811021,3,7,0.0000
11435811022,3,7,0.0000
11435989729,3,7,0.0000
11435989730,3,7,0.0000
11435989739,3,7,1.0000
11435989740,3,7,1.0000
11435989741,3,7,1.0000
11435989742,3,7,1.0000
11435989743,3,7,1.0000
11435989744,3,7,1.0000
11435989746,3,7,1.0000
11435989747,3,7,0.0000
11435989748,3,7,0.0000
11435989749,3,7,0.0000
11435989750,3,7,0.0000
11435989751,3,7,0.0000
11435996877,3,7,0.0000
11435996878,3,7,0.0000
11435996879,3,7,0.0000
11435996880,3,7,1.0000
11435996881,3,7,1.0000
11435996882,3,7,1.0000
11435996884,3,7,1.0000
11435996885,3,7,1.0000
11435996886,3,7,1.0000
11435996911,3,7,0.0000
11435996912,3,7,0.0000
11435996913,3,7,0.0000
11435996914,3,7,0.0000
11435996915,3,7,0.0000
11435996916,3,7,0.0000
11435996917,3,7,0.0000
11435996918,3,7,0.0000
11435996919,3,7,0.0000
11435996920,3,7,0.0000
11435996921,3,7,0.0000
11435996922,3,7,0.0000
11435996923,3,7,0.0000
11435996924,3,7,0.0000
11435996925,3,7,0.0000
11435996926,3,7,0.0000
11435996927,3,7,0.0000
11435996928,3,7,0.0000
11435996929,3,7,0.0000
11435996930,3,7,0.0000
11435996931,3,7,0.0000
11435996932,3,7,0.0000
11435996933,3,7,0.0000
11435996934,3,7,0.0000
11435996935,3,7,0.0000
11435996936,3,7,0.0000
11435996937,3,7,0.0000
11435996938,3,7,0.0000
11435996939,3,7,0.0000
11435996940,3,7,0.0000
11435996941,3,7,0.0000
11435996942,3,7,0.0000
11435996943,3,7,0.0000
11435996944,3,7,0.0000
11435996959,3,7,0.0000
11435996960,3,7,0.0000
11435996961,3,7,0.0000
11435996962,3,7,0.0000
11435996969,3,7,0.0000
11435996970,3,7,0.0000
11435996971,3,7,0.0000
11435996972,3,7,0.0000
11435996973,3,7,0.0000
11435996974,3,7,0.0000
11435996975,3,7,0.0000
11435996976,3,7,0.0000
11435997020,3,7,0.0000
11435997021,3,7,0.0000
11435997022,3,7,0.0000
11435997023,3,7,0.0000
11435997024,3,7,0.0000
11435997046,3,7,0.0000
11435997047,3,7,0.0000
11435997048,3,7,0.0000
11435997049,3,7,0.0000
11435997050,3,7,0.0000
11435997051,3,7,0.0000
11435997052,3,7,0.0000
11435997053,3,7,0.0000
11435997054,3,7,0.0000
11435997055,3,7,0.0000
11435997058,3,7,0.0000
11435997059,3,7,0.0000
11435997060,3,7,0.0000
11435997061,3,7,0.0000
11435997062,3,7,0.0000
11435997063,3,7,0.0000
11435997064,3,7,0.0000
11435997065,3,7,0.0000
11435997066,3,7,0.0000
11435997067,3,7,0.0000
11435997068,3,7,0.0000
11435997095,3,7,0.0000
11435997096,3,7,0.0000
11435997097,3,7,0.0000
11435997102,3,7,0.0000
11435997103,3,7,0.0000
11435997104,3,7,0.0000
11435997149,3,7,0.0000
11435997150,3,7,0.0000
11435997151,3,7,0.0000
11435997241,3,7,0.0000
11435997242,3,7,0.0000
11435997243,3,7,0.0000
11435997244,3,7,0.0000
11435997245,3,7,0.0000
11435997250,3,7,0.0000
11435997251,3,7,0.0000
11435997252,3,7,0.0000
11435997431,3,7,0.0000
11435997432,3,7,0.0000
11435997433,3,7,0.0000
11435997434,3,7,0.0000
11435997435,3,7,0.0000
11435997436,3,7,0.0000
11435997437,3,7,0.0000
11435997438,3,7,0.0000
11435997439,3,7,0.0000
11435997440,3,7,0.0000
11435997441,3,7,0.0000
11435997442,3,7,0.0000
11435997443,3,7,0.0000
11435997444,3,7,0.0000
11435997445,3,7,0.0000
11435997446,3,7,0.0000
11435997447,3,7,0.0000
11435997448,3,7,0.0000
11435997449,3,7,0.0000
11436260396,3,7,0.0000
11436260397,3,7,0.0000
11436260398,3,7,0.0000
11436260399,3,7,0.0000
11436266180,3,7,0.0000
11436266181,3,7,0.0000
11436266182,3,7,0.0000
11436266183,3,7,0.0000
11436266184,3,7,0.0000
11436266185,3,7,0.0000
11436266188,3,7,0.0000
11436266189,3,7,0.0000
11436266190,3,7,0.0000
11436266191,3,7,0.0000
11436266192,3,7,0.0000
11436266197,3,7,0.0000
11436266198,3,7,0.0000
11436266199,3,7,0.0000
11436266200,3,7,0.0000
11436266201,3,7,0.0000
11436266202,3,7,0.0000
11436266203,3,7,0.0000
11436266204,3,7,0.0000
11436266205,3,7,0.0000
11436266283,3,7,0.0000
11436266284,3,7,0.0000
11436266285,3,7,0.0000
11436266286,3,7,0.0000
11436266287,3,7,0.0000
11436266315,3,7,0.0000
11436266316,3,7,0.0000
11436266317,3,7,0.0000
11436266320,3,7,0.0000
11436266321,3,7,0.0000
11436266322,3,7,0.0000
11436266331,3,7,0.0000
11436266332,3,7,0.0000
11436266333,3,7,0.0000
11436266340,3,7,0.0000
11436266341,3,7,0.0000
11436266342,3,7,0.0000
11436266356,3,7,0.0000
11436266357,3,7,0.0000
11436266358,3,7,0.0000
11436266359,3,7,0.0000
11436266520,3,7,1.0000
11436266521,3,7,0.0000
11436266522,3,7,0.0000
11436266524,3,7,1.0000
11436266525,3,7,1.0000
11436266526,3,7,1.0000
11436266527,3,7,0.0000
11436266528,3,7,0.0000
11436266529,3,7,0.0000
11436266602,3,7,0.0000
11436266603,3,7,0.0000
11436266644,3,7,0.0000
11436266645,3,7,0.0000
11436266646,3,7,0.0000
11436266650,3,7,0.0000
11436266651,3,7,0.0000
11436266652,3,7,0.0000
11436266653,3,7,0.0000
11436266679,3,7,0.0000
11436266680,3,7,0.0000
11436266681,3,7,0.0000
11436266682,3,7,0.0000
11436266683,3,7,0.0000
11436266684,3,7,0.0000
11436266736,3,7,0.0000
11436266737,3,7,0.0000
11436266739,3,7,0.0000
11436266740,3,7,0.0000
11436266741,3,7,0.0000
11436266742,3,7,0.0000
11436266743,3,7,0.0000
11436266744,3,7,0.0000
11436266745,3,7,0.0000
11436266752,3,7,0.0000
11436266753,3,7,0.0000
11436266754,3,7,0.0000
11436266824,3,7,0.0000
11436266825,3,7,0.0000
11436266826,3,7,0.0000
11436266827,3,7,0.0000
11436266828,3,7,0.0000
11436266830,3,7,0.0000
11436266831,3,7,0.0000
11436266863,3,7,0.0000
11436266864,3,7,0.0000
11436266866,3,7,0.0000
11436266867,3,7,0.0000
11436266917,3,7,0.0000
11436266918,3,7,0.0000
11436266919,3,7,0.0000
11436266921,3,7,0.0000
11436266922,3,7,0.0000
11436266923,3,7,0.0000
11436266924,3,7,0.0000
11436266925,3,7,0.0000
11436266926,3,7,0.0000
11436266929,3,7,0.0000
11436266930,3,7,0.0000
11436266931,3,7,0.0000
11436266939,3,7,0.0000
11436266940,3,7,0.0000
11436266941,3,7,0.0000
11436267002,3,7,0.0000
11436267003,3,7,0.0000
11436267004,3,7,0.0000
11436267005,3,7,0.0000
11436267006,3,7,0.0000
11436267007,3,7,0.0000
11436267008,3,7,0.0000
11436267011,3,7,0.0000
11436267012,3,7,0.0000
11436267013,3,7,0.0000
11436267014,3,7,0.0000
11436267015,3,7,0.0000
11436267016,3,7,0.0000
11436596614,3,7,0.0000
11436596615,3,7,0.0000
11436596616,3,7,0.0000
11436596617,3,7,0.0000
11436609584,3,7,0.0000
11436609585,3,7,0.0000
11436609586,3,7,0.0000
11436609587,3,7,0.0000
11436609588,3,7,0.0000
11436609589,3,7,0.0000
11436609591,3,7,0.0000
11436609592,3,7,0.0000
11436609593,3,7,0.0000
11436609606,3,7,0.0000
11436609607,3,7,0.0000
11436609608,3,7,0.0000
11436609609,3,7,0.0000
11436609610,3,7,0.0000
11436609611,3,7,0.0000
11436609630,3,7,0.0000
11436609631,3,7,0.0000
11436609632,3,7,0.0000
11436609636,3,7,0.0000
11436609637,3,7,0.0000
11436609638,3,7,0.0000
11436609639,3,7,0.0000
11436609640,3,7,0.0000
11436609648,3,7,0.0000
11436609649,3,7,0.0000
11436609650,3,7,0.0000
11436609653,3,7,0.0000
11436609654,3,7,0.0000
11436609655,3,7,0.0000
11436610697,3,7,0.0000
11436610698,3,7,0.0000
11436610699,3,7,0.0000
11436610710,3,7,0.0000
11436610711,3,7,0.0000
11436610712,3,7,0.0000
11436610713,3,7,0.0000
11436610714,3,7,0.0000
11436610715,3,7,0.0000
11436610716,3,7,0.0000
11436610717,3,7,0.0000
11436610777,3,7,0.0000
11436610778,3,7,0.0000
11436610779,3,7,0.0000
11436610802,3,7,0.0000
11436610803,3,7,0.0000
11436610804,3,7,0.0000
11436610805,3,7,0.0000
11436610806,3,7,0.0000
11436610807,3,7,0.0000
11436610952,3,7,0.0000
11436610953,3,7,0.0000
11436610954,3,7,0.0000
11436610955,3,7,0.0000
11436610956,3,7,0.0000
11436610957,3,7,0.0000
11436610985,3,7,0.0000
11436610986,3,7,0.0000
11436610987,3,7,0.0000
11436611007,3,7,0.0000
11436611008,3,7,0.0000
11436611009,3,7,0.0000
11436611010,3,7,0.0000
11436611011,3,7,0.0000
11436611012,3,7,0.0000
11436611013,3,7,0.0000
11436611014,3,7,0.0000
11436611019,3,7,0.0000
11436611020,3,7,0.0000
11436611021,3,7,0.0000
11436611023,3,7,0.0000
11436611024,3,7,0.0000
11436611025,3,7,0.0000
11436611069,3,7,0.0000
11436611070,3,7,0.0000
11436611071,3,7,0.0000
11436611072,3,7,0.0000
11436611073,3,7,0.0000
11436611074,3,7,0.0000
11436611075,3,7,0.0000
11436611076,3,7,0.0000
11436611078,3,7,0.0000
11436611079,3,7,0.0000
11436611080,3,7,0.0000
11436611081,3,7,0.0000
11436611082,3,7,0.0000
11436611083,3,7,0.0000
11436611085,3,7,0.0000
11436611086,3,7,0.0000
11436611087,3,7,0.0000
11436611088,3,7,0.0000
11436611089,3,7,0.0000
11436611090,3,7,0.0000
11436611091,3,7,0.0000
11436611095,3,7,0.0000
11436611096,3,7,0.0000
11436611097,3,7,0.0000
11436611103,3,7,0.0000
11436611104,3,7,0.0000
11436611105,3,7,0.0000
11436611106,3,7,0.0000
11436611107,3,7,0.0000
11436611108,3,7,0.0000
11436611109,3,7,0.0000
11436611110,3,7,0.0000
11436611111,3,7,0.0000
11436611112,3,7,0.0000
11436611113,3,7,0.0000
11436611320,3,7,0.0000
11436611321,3,7,0.0000
11436611322,3,7,0.0000
11436611348,3,7,0.0000
11436611349,3,7,0.0000
11436611350,3,7,0.0000
11436611351,3,7,0.0000
11436611352,3,7,0.0000
11436611353,3,7,0.0000
11436611357,3,7,0.0000
11436611358,3,7,0.0000
11436611359,3,7,0.0000
11436611360,3,7,0.0000
11436611361,3,7,0.0000
11436611362,3,7,0.0000
11436611363,3,7,0.0000
11436611364,3,7,0.0000
11436611365,3,7,0.0000
11435810926,3,8,1.0000
11435810927,3,8,1.0000
11435810928,3,8,1.0000
11435810929,3,8,1.0000
11435810930,3,8,1.0000
11435810931,3,8,1.0000
11435811010,3,8,0.2500
11435811011,3,8,0.0000
11435811013,3,8,1.0000
11435811014,3,8,1.0000
11435811015,3,8,1.0000
11435811020,3,8,1.0000
11435811021,3,8,1.0000
11435811022,3,8,1.0000
11435989729,3,8,0.5000
11435989730,3,8,0.5000
11435989739,3,8,1.0000
11435989740,3,8,1.0000
11435989741,3,8,1.0000
11435989742,3,8,0.5000
11435989743,3,8,0.5000
11435989744,3,8,0.7500
11435989746,3,8,1.0000
11435989747,3,8,1.0000
11435989748,3,8,1.0000
11435989749,3,8,1.0000
11435989750,3,8,1.0000
11435989751,3,8,1.0000
11435996877,3,8,1.0000
11435996878,3,8,1.0000
11435996879,3,8,0.7500
11435996880,3,8,1.0000
11435996881,3,8,0.7500
11435996882,3,8,0.7500
11435996884,3,8,0.5000
11435996885,3,8,0.5000
11435996886,3,8,0.5000
11435996911,3,8,0.7500
11435996912,3,8,1.0000
11435996913,3,8,1.0000
11435996914,3,8,1.0000
11435996915,3,8,1.0000
11435996916,3,8,1.0000
11435996917,3,8,1.0000
11435996918,3,8,1.0000
11435996919,3,8,1.0000
11435996920,3,8,1.0000
11435996921,3,8,1.0000
11435996922,3,8,1.0000
11435996923,3,8,1.0000
11435996924,3,8,1.0000
11435996925,3,8,1.0000
11435996926,3,8,1.0000
11435996927,3,8,1.0000
11435996928,3,8,1.0000
11435996929,3,8,1.0000
11435996930,3,8,1.0000
11435996931,3,8,1.0000
11435996932,3,8,1.0000
11435996933,3,8,1.0000
11435996934,3,8,1.0000
11435996935,3,8,1.0000
11435996936,3,8,1.0000
11435996937,3,8,1.0000
11435996938,3,8,1.0000
11435996939,3,8,1.0000
11435996940,3,8,1.0000
11435996941,3,8,1.0000
11435996942,3,8,1.0000
11435996943,3,8,1.0000
11435996944,3,8,1.0000
11435996959,3,8,1.0000
11435996960,3,8,1.0000
11435996961,3,8,1.0000
11435996962,3,8,1.0000
11435996969,3,8,1.0000
11435996970,3,8,1.0000
11435996971,3,8,1.0000
11435996972,3,8,0.7500
11435996973,3,8,0.5000
11435996974,3,8,0.2500
11435996975,3,8,0.7500
11435996976,3,8,1.0000
11435997020,3,8,1.0000
11435997021,3,8,1.0000
11435997022,3,8,1.0000
11435997023,3,8,1.0000
11435997024,3,8,1.0000
11435997046,3,8,1.0000
11435997047,3,8,1.0000
11435997048,3,8,1.0000
11435997049,3,8,1.0000
11435997050,3,8,1.0000
11435997051,3,8,1.0000
11435997052,3,8,1.0000
11435997053,3,8,1.0000
11435997054,3,8,1.0000
11435997055,3,8,1.0000
11435997058,3,8,1.0000
11435997059,3,8,1.0000
11435997060,3,8,1.0000
11435997061,3,8,1.0000
11435997062,3,8,1.0000
11435997063,3,8,1.0000
11435997064,3,8,1.0000
11435997065,3,8,1.0000
11435997066,3,8,1.0000
11435997067,3,8,1.0000
11435997068,3,8,1.0000
11435997095,3,8,1.0000
11435997096,3,8,1.0000
11435997097,3,8,1.0000
11435997102,3,8,1.0000
11435997103,3,8,1.0000
11435997104,3,8,1.0000
11435997149,3,8,1.0000
11435997150,3,8,1.0000
11435997151,3,8,1.0000
11435997241,3,8,0.5000
11435997242,3,8,0.5000
11435997243,3,8,0.5000
11435997244,3,8,0.5000
11435997245,3,8,0.5000
11435997250,3,8,1.0000
11435997251,3,8,0.7500
11435997252,3,8,0.7500
11435997431,3,8,1.0000
11435997432,3,8,1.0000
11435997433,3,8,1.0000
11435997434,3,8,1.0000
11435997435,3,8,1.0000
11435997436,3,8,1.0000
11435997437,3,8,1.0000
11435997438,3,8,1.0000
11435997439,3,8,1.0000
11435997440,3,8,1.0000
11435997441,3,8,1.0000
11435997442,3,8,1.0000
11435997443,3,8,1.0000
11435997444,3,8,1.0000
11435997445,3,8,1.0000
11435997446,3,8,1.0000
11435997447,3,8,1.0000
11435997448,3,8,1.0000
11435997449,3,8,1.0000
11436260396,3,8,1.0000
11436260397,3,8,1.0000
11436260398,3,8,1.0000
11436260399,3,8,1.0000
11436266180,3,8,1.0000
11436266181,3,8,1.0000
11436266182,3,8,1.0000
11436266183,3,8,1.0000
11436266184,3,8,1.0000
11436266185,3,8,1.0000
11436266188,3,8,1.0000
11436266189,3,8,1.0000
11436266190,3,8,1.0000
11436266191,3,8,1.0000
11436266192,3,8,1.0000
11436266197,3,8,1.0000
11436266198,3,8,1.0000
11436266199,3,8,1.0000
11436266200,3,8,1.0000
11436266201,3,8,1.0000
11436266202,3,8,1.0000
11436266203,3,8,1.0000
11436266204,3,8,1.0000
11436266205,3,8,1.0000
11436266283,3,8,1.0000
11436266284,3,8,1.0000
11436266285,3,8,1.0000
11436266286,3,8,1.0000
11436266287,3,8,1.0000
11436266315,3,8,1.0000
11436266316,3,8,1.0000
11436266317,3,8,1.0000
11436266320,3,8,1.0000
11436266321,3,8,1.0000
11436266322,3,8,1.0000
11436266331,3,8,1.0000
11436266332,3,8,1.0000
11436266333,3,8,1.0000
11436266340,3,8,1.0000
11436266341,3,8,1.0000
11436266342,3,8,1.0000
11436266356,3,8,1.0000
11436266357,3,8,1.0000
11436266358,3,8,1.0000
11436266359,3,8,1.0000
11436266520,3,8,0.7500
11436266521,3,8,0.7500
11436266522,3,8,0.7500
11436266524,3,8,0.5000
11436266525,3,8,0.7500
11436266526,3,8,0.7500
11436266527,3,8,0.7500
11436266528,3,8,0.7500
11436266529,3,8,1.0000
11436266602,3,8,1.0000
11436266603,3,8,1.0000
11436266644,3,8,1.0000
11436266645,3,8,1.0000
11436266646,3,8,1.0000
11436266650,3,8,1.0000
11436266651,3,8,1.0000
11436266652,3,8,1.0000
11436266653,3,8,1.0000
11436266679,3,8,1.0000
11436266680,3,8,1.0000
11436266681,3,8,1.0000
11436266682,3,8,1.0000
11436266683,3,8,1.0000
11436266684,3,8,1.0000
11436266736,3,8,1.0000
11436266737,3,8,1.0000
11436266739,3,8,1.0000
11436266740,3,8,1.0000
11436266741,3,8,1.0000
11436266742,3,8,1.0000
11436266743,3,8,1.0000
11436266744,3,8,1.0000
11436266745,3,8,1.0000
11436266752,3,8,1.0000
11436266753,3,8,1.0000
11436266754,3,8,1.0000
11436266824,3,8,1.0000
11436266825,3,8,1.0000
11436266826,3,8,1.0000
11436266827,3,8,1.0000
11436266828,3,8,1.0000
11436266830,3,8,1.0000
11436266831,3,8,1.0000
11436266863,3,8,1.0000
11436266864,3,8,1.0000
11436266866,3,8,1.0000
11436266867,3,8,1.0000
11436266917,3,8,1.0000
11436266918,3,8,1.0000
11436266919,3,8,1.0000
11436266921,3,8,1.0000
11436266922,3,8,1.0000
11436266923,3,8,1.0000
11436266924,3,8,1.0000
11436266925,3,8,1.0000
11436266926,3,8,1.0000
11436266929,3,8,1.0000
11436266930,3,8,1.0000
11436266931,3,8,1.0000
11436266939,3,8,1.0000
11436266940,3,8,1.0000
11436266941,3,8,1.0000
11436267002,3,8,1.0000
11436267003,3,8,1.0000
11436267004,3,8,1.0000
11436267005,3,8,1.0000
11436267006,3,8,1.0000
11436267007,3,8,1.0000
11436267008,3,8,1.0000
11436267011,3,8,1.0000
11436267012,3,8,1.0000
11436267013,3,8,1.0000
11436267014,3,8,1.0000
11436267015,3,8,1.0000
11436267016,3,8,1.0000
11436596614,3,8,1.0000
11436596615,3,8,1.0000
11436596616,3,8,1.0000
11436596617,3,8,1.0000
11436609584,3,8,1.0000
11436609585,3,8,1.0000
11436609586,3,8,1.0000
11436609587,3,8,1.0000
11436609588,3,8,1.0000
11436609589,3,8,1.0000
11436609591,3,8,1.0000
11436609592,3,8,1.0000
11436609593,3,8,1.0000
11436609606,3,8,1.0000
11436609607,3,8,1.0000
11436609608,3,8,1.0000
11436609609,3,8,1.0000
11436609610,3,8,1.0000
11436609611,3,8,1.0000
11436609630,3,8,1.0000
11436609631,3,8,1.0000
11436609632,3,8,1.0000
11436609636,3,8,1.0000
11436609637,3,8,1.0000
11436609638,3,8,1.0000
11436609639,3,8,1.0000
11436609640,3,8,1.0000
11436609648,3,8,1.0000
11436609649,3,8,1.0000
11436609650,3,8,1.0000
11436609653,3,8,1.0000
11436609654,3,8,1.0000
11436609655,3,8,1.0000
11436610697,3,8,1.0000
11436610698,3,8,1.0000
11436610699,3,8,1.0000
11436610710,3,8,1.0000
11436610711,3,8,1.0000
11436610712,3,8,1.0000
11436610713,3,8,1.0000
11436610714,3,8,1.0000
11436610715,3,8,1.0000
11436610716,3,8,1.0000
11436610717,3,8,1.0000
11436610777,3,8,1.0000
11436610778,3,8,1.0000
11436610779,3,8,1.0000
11436610802,3,8,1.0000
11436610803,3,8,1.0000
11436610804,3,8,1.0000
11436610805,3,8,1.0000
11436610806,3,8,1.0000
11436610807,3,8,1.0000
11436610952,3,8,1.0000
11436610953,3,8,1.0000
11436610954,3,8,1.0000
11436610955,3,8,1.0000
11436610956,3,8,1.0000
11436610957,3,8,1.0000
11436610985,3,8,1.0000
11436610986,3,8,1.0000
11436610987,3,8,1.0000
11436611007,3,8,1.0000
11436611008,3,8,1.0000
11436611009,3,8,1.0000
11436611010,3,8,1.0000
11436611011,3,8,1.0000
11436611012,3,8,1.0000
11436611013,3,8,1.0000
11436611014,3,8,1.0000
11436611019,3,8,1.0000
11436611020,3,8,1.0000
11436611021,3,8,1.0000
11436611023,3,8,1.0000
11436611024,3,8,1.0000
11436611025,3,8,1.0000
11436611069,3,8,1.0000
11436611070,3,8,1.0000
11436611071,3,8,1.0000
11436611072,3,8,1.0000
11436611073,3,8,1.0000
11436611074,3,8,1.0000
11436611075,3,8,1.0000
11436611076,3,8,1.0000
11436611078,3,8,1.0000
11436611079,3,8,1.0000
11436611080,3,8,1.0000
11436611081,3,8,1.0000
11436611082,3,8,1.0000
11436611083,3,8,1.0000
11436611085,3,8,1.0000
11436611086,3,8,1.0000
11436611087,3,8,1.0000
11436611088,3,8,1.0000
11436611089,3,8,1.0000
11436611090,3,8,1.0000
11436611091,3,8,1.0000
11436611095,3,8,1.0000
11436611096,3,8,1.0000
11436611097,3,8,1.0000
11436611103,3,8,1.0000
11436611104,3,8,1.0000
11436611105,3,8,1.0000
11436611106,3,8,1.0000
11436611107,3,8,1.0000
11436611108,3,8,1.0000
11436611109,3,8,1.0000
11436611110,3,8,1.0000
11436611111,3,8,1.0000
11436611112,3,8,1.0000
11436611113,3,8,1.0000
11436611320,3,8,1.0000
11436611321,3,8,1.0000
11436611322,3,8,1.0000
11436611348,3,8,1.0000
11436611349,3,8,1.0000
11436611350,3,8,1.0000
11436611351,3,8,1.0000
11436611352,3,8,1.0000
11436611353,3,8,1.0000
11436611357,3,8,1.0000
11436611358,3,8,1.0000
11436611359,3,8,1.0000
11436611360,3,8,1.0000
11436611361,3,8,1.0000
11436611362,3,8,1.0000
11436611363,3,8,1.0000
11436611364,3,8,1.0000
11436611365,3,8,1.0000
11435810926,3,9,1.0000
11435810927,3,9,0.5000
11435810928,3,9,0.0000
11435810929,3,9,0.0000
11435810930,3,9,0.0000
11435810931,3,9,0.0000
11435811010,3,9,0.0000
11435811011,3,9,0.0000
11435811013,3,9,0.2500
11435811014,3,9,0.0000
11435811015,3,9,0.0000
11435811020,3,9,1.0000
11435811021,3,9,1.0000
11435811022,3,9,1.0000
11435989729,3,9,0.0000
11435989730,3,9,0.0000
11435989739,3,9,0.0000
11435989740,3,9,0.0000
11435989741,3,9,0.2500
11435989742,3,9,1.0000
11435989743,3,9,1.0000
11435989744,3,9,1.0000
11435989746,3,9,1.0000
11435989747,3,9,1.0000
11435989748,3,9,1.0000
11435989749,3,9,1.0000
11435989750,3,9,1.0000
11435989751,3,9,1.0000
11435996877,3,9,1.0000
11435996878,3,9,0.7500
11435996879,3,9,0.0000
11435996880,3,9,0.0000
11435996881,3,9,0.0000
11435996882,3,9,0.0000
11435996884,3,9,0.0000
11435996885,3,9,0.0000
11435996886,3,9,0.0000
11435996911,3,9,1.0000
11435996912,3,9,1.0000
11435996913,3,9,1.0000
11435996914,3,9,0.7500
11435996915,3,9,1.0000
11435996916,3,9,1.0000
11435996917,3,9,0.2500
11435996918,3,9,0.5000
11435996919,3,9,1.0000
11435996920,3,9,1.0000
11435996921,3,9,1.0000
11435996922,3,9,1.0000
11435996923,3,9,1.0000
11435996924,3,9,1.0000
11435996925,3,9,1.0000
11435996926,3,9,1.0000
11435996927,3,9,1.0000
11435996928,3,9,1.0000
11435996929,3,9,0.0000
11435996930,3,9,0.0000
11435996931,3,9,0.0000
11435996932,3,9,0.7500
11435996933,3,9,0.0000
11435996934,3,9,1.0000
11435996935,3,9,1.0000
11435996936,3,9,0.0000
11435996937,3,9,0.0000
11435996938,3,9,0.0000
11435996939,3,9,0.0000
11435996940,3,9,0.0000
11435996941,3,9,0.0000
11435996942,3,9,0.0000
11435996943,3,9,0.0000
11435996944,3,9,0.0000
11435996959,3,9,0.0000
11435996960,3,9,0.0000
11435996961,3,9,0.0000
11435996962,3,9,0.0000
11435996969,3,9,0.0000
11435996970,3,9,0.5000
11435996971,3,9,0.0000
11435996972,3,9,0.0000
11435996973,3,9,1.0000
11435996974,3,9,1.0000
11435996975,3,9,1.0000
11435996976,3,9,1.0000
11435997020,3,9,0.0000
11435997021,3,9,0.0000
11435997022,3,9,0.0000
11435997023,3,9,0.0000
11435997024,3,9,0.0000
11435997046,3,9,0.0000
11435997047,3,9,0.0000
11435997048,3,9,0.0000
11435997049,3,9,0.0000
11435997050,3,9,0.0000
11435997051,3,9,0.0000
11435997052,3,9,0.0000
11435997053,3,9,0.0000
11435997054,3,9,0.0000
11435997055,3,9,0.0000
11435997058,3,9,0.0000
11435997059,3,9,1.0000
11435997060,3,9,0.0000
11435997061,3,9,0.0000
11435997062,3,9,1.0000
11435997063,3,9,0.0000
11435997064,3,9,0.0000
11435997065,3,9,0.0000
11435997066,3,9,1.0000
11435997067,3,9,0.0000
11435997068,3,9,1.0000
11435997095,3,9,0.0000
11435997096,3,9,1.0000
11435997097,3,9,1.0000
11435997102,3,9,0.0000
11435997103,3,9,0.0000
11435997104,3,9,0.7500
11435997149,3,9,0.0000
11435997150,3,9,0.0000
11435997151,3,9,1.0000
11435997241,3,9,1.0000
11435997242,3,9,1.0000
11435997243,3,9,1.0000
11435997244,3,9,1.0000
11435997245,3,9,1.0000
11435997250,3,9,1.0000
11435997251,3,9,1.0000
11435997252,3,9,1.0000
11435997431,3,9,0.0000
11435997432,3,9,0.0000
11435997433,3,9,0.0000
11435997434,3,9,0.0000
11435997435,3,9,0.0000
11435997436,3,9,0.0000
11435997437,3,9,0.0000
11435997438,3,9,0.0000
11435997439,3,9,0.0000
11435997440,3,9,0.0000
11435997441,3,9,0.0000
11435997442,3,9,0.0000
11435997443,3,9,0.0000
11435997444,3,9,0.0000
11435997445,3,9,0.0000
11435997446,3,9,0.0000
11435997447,3,9,0.0000
11435997448,3,9,0.0000
11435997449,3,9,0.0000
11436260396,3,9,1.0000
11436260397,3,9,1.0000
11436260398,3,9,1.0000
11436260399,3,9,1.0000
11436266180,3,9,0.0000
11436266181,3,9,0.0000
11436266182,3,9,0.0000
11436266183,3,9,0.0000
11436266184,3,9,0.0000
11436266185,3,9,0.0000
11436266188,3,9,0.0000
11436266189,3,9,0.0000
11436266190,3,9,0.0000
11436266191,3,9,0.0000
11436266192,3,9,0.0000
11436266197,3,9,1.0000
11436266198,3,9,1.0000
11436266199,3,9,0.2500
11436266200,3,9,0.0000
11436266201,3,9,0.0000
11436266202,3,9,0.0000
11436266203,3,9,0.0000
11436266204,3,9,0.0000
11436266205,3,9,0.0000
11436266283,3,9,1.0000
11436266284,3,9,1.0000
11436266285,3,9,1.0000
11436266286,3,9,1.0000
11436266287,3,9,1.0000
11436266315,3,9,0.5000
11436266316,3,9,0.2500
11436266317,3,9,0.0000
11436266320,3,9,0.0000
11436266321,3,9,0.0000
11436266322,3,9,0.0000
11436266331,3,9,0.0000
11436266332,3,9,0.0000
11436266333,3,9,0.0000
11436266340,3,9,0.0000
11436266341,3,9,0.0000
11436266342,3,9,0.0000
11436266356,3,9,0.0000
11436266357,3,9,0.0000
11436266358,3,9,0.0000
11436266359,3,9,0.0000
11436266520,3,9,0.0000
11436266521,3,9,0.0000
11436266522,3,9,0.0000
11436266524,3,9,0.0000
11436266525,3,9,0.0000
11436266526,3,9,0.0000
11436266527,3,9,0.7500
11436266528,3,9,0.0000
11436266529,3,9,0.0000
11436266602,3,9,0.0000
11436266603,3,9,1.0000
11436266644,3,9,1.0000
11436266645,3,9,1.0000
11436266646,3,9,0.5000
11436266650,3,9,1.0000
11436266651,3,9,1.0000
11436266652,3,9,1.0000
11436266653,3,9,1.0000
11436266679,3,9,1.0000
11436266680,3,9,1.0000
11436266681,3,9,1.0000
11436266682,3,9,1.0000
11436266683,3,9,0.0000
11436266684,3,9,0.0000
11436266736,3,9,1.0000
11436266737,3,9,1.0000
11436266739,3,9,1.0000
11436266740,3,9,1.0000
11436266741,3,9,1.0000
11436266742,3,9,0.2500
11436266743,3,9,1.0000
11436266744,3,9,1.0000
11436266745,3,9,1.0000
11436266752,3,9,1.0000
11436266753,3,9,1.0000
11436266754,3,9,1.0000
11436266824,3,9,0.5000
11436266825,3,9,1.0000
11436266826,3,9,1.0000
11436266827,3,9,1.0000
11436266828,3,9,1.0000
11436266830,3,9,1.0000
11436266831,3,9,0.5000
11436266863,3,9,1.0000
11436266864,3,9,1.0000
11436266866,3,9,1.0000
11436266867,3,9,1.0000
11436266917,3,9,0.0000
11436266918,3,9,1.0000
11436266919,3,9,1.0000
11436266921,3,9,1.0000
11436266922,3,9,1.0000
11436266923,3,9,0.0000
11436266924,3,9,0.2500
11436266925,3,9,0.2500
11436266926,3,9,0.7500
11436266929,3,9,1.0000
11436266930,3,9,1.0000
11436266931,3,9,1.0000
11436266939,3,9,1.0000
11436266940,3,9,1.0000
11436266941,3,9,1.0000
11436267002,3,9,1.0000
11436267003,3,9,1.0000
11436267004,3,9,1.0000
11436267005,3,9,1.0000
11436267006,3,9,1.0000
11436267007,3,9,1.0000
11436267008,3,9,1.0000
11436267011,3,9,1.0000
11436267012,3,9,1.0000
11436267013,3,9,1.0000
11436267014,3,9,1.0000
11436267015,3,9,1.0000
11436267016,3,9,1.0000
11436596614,3,9,1.0000
11436596615,3,9,1.0000
11436596616,3,9,1.0000
11436596617,3,9,0.0000
11436609584,3,9,1.0000
11436609585,3,9,1.0000
11436609586,3,9,1.0000
11436609587,3,9,1.0000
11436609588,3,9,1.0000
11436609589,3,9,1.0000
11436609591,3,9,1.0000
11436609592,3,9,1.0000
11436609593,3,9,1.0000
11436609606,3,9,1.0000
11436609607,3,9,1.0000
11436609608,3,9,1.0000
11436609609,3,9,1.0000
11436609610,3,9,1.0000
11436609611,3,9,1.0000
11436609630,3,9,1.0000
11436609631,3,9,1.0000
11436609632,3,9,1.0000
11436609636,3,9,1.0000
11436609637,3,9,1.0000
11436609638,3,9,1.0000
11436609639,3,9,1.0000
11436609640,3,9,1.0000
11436609648,3,9,1.0000
11436609649,3,9,1.0000
11436609650,3,9,1.0000
11436609653,3,9,1.0000
11436609654,3,9,1.0000
11436609655,3,9,1.0000
11436610697,3,9,1.0000
11436610698,3,9,1.0000
11436610699,3,9,1.0000
11436610710,3,9,0.2500
11436610711,3,9,0.2500
11436610712,3,9,0.5000
11436610713,3,9,0.5000
11436610714,3,9,0.5000
11436610715,3,9,0.2500
11436610716,3,9,0.2500
11436610717,3,9,0.2500
11436610777,3,9,1.0000
11436610778,3,9,1.0000
11436610779,3,9,1.0000
11436610802,3,9,1.0000
11436610803,3,9,1.0000
11436610804,3,9,1.0000
11436610805,3,9,1.0000
11436610806,3,9,1.0000
11436610807,3,9,1.0000
11436610952,3,9,1.0000
11436610953,3,9,1.0000
11436610954,3,9,1.0000
11436610955,3,9,1.0000
11436610956,3,9,1.0000
11436610957,3,9,1.0000
11436610985,3,9,1.0000
11436610986,3,9,1.0000
11436610987,3,9,1.0000
11436611007,3,9,1.0000
11436611008,3,9,1.0000
11436611009,3,9,1.0000
11436611010,3,9,1.0000
11436611011,3,9,1.0000
11436611012,3,9,1.0000
11436611013,3,9,1.0000
11436611014,3,9,1.0000
11436611019,3,9,1.0000
11436611020,3,9,1.0000
11436611021,3,9,1.0000
11436611023,3,9,1.0000
11436611024,3,9,1.0000
11436611025,3,9,1.0000
11436611069,3,9,1.0000
11436611070,3,9,0.7500
11436611071,3,9,0.5000
11436611072,3,9,0.5000
11436611073,3,9,0.5000
11436611074,3,9,0.7500
11436611075,3,9,0.7500
11436611076,3,9,0.5000
11436611078,3,9,1.0000
11436611079,3,9,1.0000
11436611080,3,9,1.0000
11436611081,3,9,1.0000
11436611082,3,9,1.0000
11436611083,3,9,1.0000
11436611085,3,9,1.0000
11436611086,3,9,1.0000
11436611087,3,9,1.0000
11436611088,3,9,1.0000
11436611089,3,9,1.0000
11436611090,3,9,1.0000
11436611091,3,9,1.0000
11436611095,3,9,1.0000
11436611096,3,9,1.0000
11436611097,3,9,1.0000
11436611103,3,9,1.0000
11436611104,3,9,1.0000
11436611105,3,9,0.0000
11436611106,3,9,1.0000
11436611107,3,9,1.0000
11436611108,3,9,1.0000
11436611109,3,9,1.0000
11436611110,3,9,1.0000
11436611111,3,9,1.0000
11436611112,3,9,1.0000
11436611113,3,9,1.0000
11436611320,3,9,1.0000
11436611321,3,9,1.0000
11436611322,3,9,1.0000
11436611348,3,9,1.0000
11436611349,3,9,1.0000
11436611350,3,9,1.0000
11436611351,3,9,1.0000
11436611352,3,9,1.0000
11436611353,3,9,1.0000
11436611357,3,9,1.0000
11436611358,3,9,1.0000
11436611359,3,9,1.0000
11436611360,3,9,1.0000
11436611361,3,9,1.0000
11436611362,3,9,1.0000
11436611363,3,9,1.0000
11436611364,3,9,1.0000
11436611365,3,9,1.0000
11435810926,3,10,1.0000
11435810927,3,10,1.0000
11435810928,3,10,1.0000
11435810929,3,10,0.0000
11435810930,3,10,0.0000
11435810931,3,10,0.0000
11435811010,3,10,0.0000
11435811011,3,10,0.0000
11435811013,3,10,0.5000
11435811014,3,10,1.0000
11435811015,3,10,1.0000
11435811020,3,10,0.2500
11435811021,3,10,0.0000
11435811022,3,10,1.0000
11435989729,3,10,0.5000
11435989730,3,10,1.0000
11435989739,3,10,1.0000
11435989740,3,10,1.0000
11435989741,3,10,1.0000
11435989742,3,10,0.0000
11435989743,3,10,0.0000
11435989744,3,10,0.0000
11435989746,3,10,1.0000
11435989747,3,10,1.0000
11435989748,3,10,1.0000
11435989749,3,10,1.0000
11435989750,3,10,1.0000
11435989751,3,10,1.0000
11435996877,3,10,0.0000
11435996878,3,10,0.0000
11435996879,3,10,0.0000
11435996880,3,10,0.0000
11435996881,3,10,0.0000
11435996882,3,10,0.0000
11435996884,3,10,0.7500
11435996885,3,10,1.0000
11435996886,3,10,0.0000
11435996911,3,10,1.0000
11435996912,3,10,1.0000
11435996913,3,10,1.0000
11435996914,3,10,1.0000
11435996915,3,10,0.7500
11435996916,3,10,0.0000
11435996917,3,10,1.0000
11435996918,3,10,1.0000
11435996919,3,10,1.0000
11435996920,3,10,1.0000
11435996921,3,10,1.0000
11435996922,3,10,1.0000
11435996923,3,10,1.0000
11435996924,3,10,1.0000
11435996925,3,10,0.0000
11435996926,3,10,0.0000
11435996927,3,10,0.2500
11435996928,3,10,1.0000
11435996929,3,10,1.0000
11435996930,3,10,1.0000
11435996931,3,10,1.0000
11435996932,3,10,1.0000
11435996933,3,10,1.0000
11435996934,3,10,1.0000
11435996935,3,10,1.0000
11435996936,3,10,0.0000
11435996937,3,10,0.0000
11435996938,3,10,0.0000
11435996939,3,10,0.0000
11435996940,3,10,0.0000
11435996941,3,10,0.0000
11435996942,3,10,0.0000
11435996943,3,10,0.0000
11435996944,3,10,0.0000
11435996959,3,10,0.0000
11435996960,3,10,0.0000
11435996961,3,10,0.0000
11435996962,3,10,0.0000
11435996969,3,10,0.0000
11435996970,3,10,0.0000
11435996971,3,10,1.0000
11435996972,3,10,1.0000
11435996973,3,10,1.0000
11435996974,3,10,1.0000
11435996975,3,10,1.0000
11435996976,3,10,0.5000
11435997020,3,10,0.0000
11435997021,3,10,0.0000
11435997022,3,10,0.0000
11435997023,3,10,0.0000
11435997024,3,10,0.0000
11435997046,3,10,0.0000
11435997047,3,10,0.0000
11435997048,3,10,0.0000
11435997049,3,10,0.0000
11435997050,3,10,0.0000
11435997051,3,10,0.0000
11435997052,3,10,0.0000
11435997053,3,10,0.0000
11435997054,3,10,0.0000
11435997055,3,10,0.0000
11435997058,3,10,0.0000
11435997059,3,10,0.0000
11435997060,3,10,0.0000
11435997061,3,10,0.0000
11435997062,3,10,0.0000
11435997063,3,10,0.0000
11435997064,3,10,0.0000
11435997065,3,10,0.0000
11435997066,3,10,0.0000
11435997067,3,10,0.0000
11435997068,3,10,0.7500
11435997095,3,10,0.0000
11435997096,3,10,0.2500
11435997097,3,10,0.0000
11435997102,3,10,0.0000
11435997103,3,10,0.0000
11435997104,3,10,0.0000
11435997149,3,10,1.0000
11435997150,3,10,1.0000
11435997151,3,10,0.0000
11435997241,3,10,1.0000
11435997242,3,10,1.0000
11435997243,3,10,1.0000
11435997244,3,10,1.0000
11435997245,3,10,1.0000
11435997250,3,10,0.7500
11435997251,3,10,1.0000
11435997252,3,10,1.0000
11435997431,3,10,0.0000
11435997432,3,10,0.0000
11435997433,3,10,0.0000
11435997434,3,10,0.0000
11435997435,3,10,0.0000
11435997436,3,10,0.0000
11435997437,3,10,0.0000
11435997438,3,10,0.0000
11435997439,3,10,0.0000
11435997440,3,10,0.0000
11435997441,3,10,0.0000
11435997442,3,10,0.0000
11435997443,3,10,0.0000
11435997444,3,10,0.0000
11435997445,3,10,0.0000
11435997446,3,10,0.0000
11435997447,3,10,0.0000
11435997448,3,10,0.0000
11435997449,3,10,0.0000
11436260396,3,10,1.0000
11436260397,3,10,1.0000
11436260398,3,10,1.0000
11436260399,3,10,1.0000
11436266180,3,10,0.0000
11436266181,3,10,0.0000
11436266182,3,10,0.0000
11436266183,3,10,0.0000
11436266184,3,10,0.0000
11436266185,3,10,0.0000
11436266188,3,10,0.0000
11436266189,3,10,0.0000
11436266190,3,10,0.0000
11436266191,3,10,0.0000
11436266192,3,10,0.0000
11436266197,3,10,1.0000
11436266198,3,10,1.0000
11436266199,3,10,1.0000
11436266200,3,10,1.0000
11436266201,3,10,1.0000
11436266202,3,10,0.0000
11436266203,3,10,0.0000
11436266204,3,10,0.0000
11436266205,3,10,0.0000
11436266283,3,10,1.0000
11436266284,3,10,1.0000
11436266285,3,10,1.0000
11436266286,3,10,1.0000
11436266287,3,10,0.7500
11436266315,3,10,0.0000
11436266316,3,10,0.0000
11436266317,3,10,0.0000
11436266320,3,10,0.0000
11436266321,3,10,0.0000
11436266322,3,10,0.0000
11436266331,3,10,0.0000
11436266332,3,10,0.0000
11436266333,3,10,0.0000
11436266340,3,10,0.2500
11436266341,3,10,1.0000
11436266342,3,10,0.2500
11436266356,3,10,0.0000
11436266357,3,10,0.0000
11436266358,3,10,0.0000
11436266359,3,10,0.0000
11436266520,3,10,0.0000
11436266521,3,10,0.0000
11436266522,3,10,0.0000
11436266524,3,10,1.0000
11436266525,3,10,0.0000
11436266526,3,10,0.0000
11436266527,3,10,0.0000
11436266528,3,10,1.0000
11436266529,3,10,1.0000
11436266602,3,10,0.0000
11436266603,3,10,0.0000
11436266644,3,10,1.0000
11436266645,3,10,1.0000
11436266646,3,10,1.0000
11436266650,3,10,1.0000
11436266651,3,10,1.0000
11436266652,3,10,0.5000
11436266653,3,10,1.0000
11436266679,3,10,0.0000
11436266680,3,10,0.0000
11436266681,3,10,0.0000
11436266682,3,10,0.0000
11436266683,3,10,0.0000
11436266684,3,10,0.0000
11436266736,3,10,0.0000
11436266737,3,10,0.0000
11436266739,3,10,1.0000
11436266740,3,10,1.0000
11436266741,3,10,1.0000
11436266742,3,10,1.0000
11436266743,3,10,0.0000
11436266744,3,10,0.5000
11436266745,3,10,1.0000
11436266752,3,10,0.0000
11436266753,3,10,0.0000
11436266754,3,10,0.0000
11436266824,3,10,0.0000
11436266825,3,10,0.0000
11436266826,3,10,0.0000
11436266827,3,10,0.0000
11436266828,3,10,0.0000
11436266830,3,10,1.0000
11436266831,3,10,1.0000
11436266863,3,10,1.0000
11436266864,3,10,1.0000
11436266866,3,10,1.0000
11436266867,3,10,1.0000
11436266917,3,10,1.0000
11436266918,3,10,0.0000
11436266919,3,10,0.0000
11436266921,3,10,1.0000
11436266922,3,10,1.0000
11436266923,3,10,1.0000
11436266924,3,10,0.0000
11436266925,3,10,0.0000
11436266926,3,10,0.0000
11436266929,3,10,0.2500
11436266930,3,10,0.5000
11436266931,3,10,1.0000
11436266939,3,10,0.0000
11436266940,3,10,0.0000
11436266941,3,10,0.0000
11436267002,3,10,1.0000
11436267003,3,10,1.0000
11436267004,3,10,1.0000
11436267005,3,10,1.0000
11436267006,3,10,1.0000
11436267007,3,10,1.0000
11436267008,3,10,1.0000
11436267011,3,10,1.0000
11436267012,3,10,1.0000
11436267013,3,10,1.0000
11436267014,3,10,1.0000
11436267015,3,10,1.0000
11436267016,3,10,1.0000
11436596614,3,10,0.0000
11436596615,3,10,0.5000
11436596616,3,10,0.2500
11436596617,3,10,0.0000
11436609584,3,10,1.0000
11436609585,3,10,1.0000
11436609586,3,10,1.0000
11436609587,3,10,1.0000
11436609588,3,10,1.0000
11436609589,3,10,1.0000
11436609591,3,10,1.0000
11436609592,3,10,1.0000
11436609593,3,10,1.0000
11436609606,3,10,0.0000
11436609607,3,10,0.0000
11436609608,3,10,0.0000
11436609609,3,10,0.7500
11436609610,3,10,1.0000
11436609611,3,10,1.0000
11436609630,3,10,1.0000
11436609631,3,10,1.0000
11436609632,3,10,1.0000
11436609636,3,10,0.0000
11436609637,3,10,0.5000
11436609638,3,10,0.2500
11436609639,3,10,0.0000
11436609640,3,10,0.5000
11436609648,3,10,1.0000
11436609649,3,10,1.0000
11436609650,3,10,1.0000
11436609653,3,10,1.0000
11436609654,3,10,1.0000
11436609655,3,10,1.0000
11436610697,3,10,1.0000
11436610698,3,10,1.0000
11436610699,3,10,0.7500
11436610710,3,10,1.0000
11436610711,3,10,0.0000
11436610712,3,10,0.0000
11436610713,3,10,0.0000
11436610714,3,10,0.0000
11436610715,3,10,0.2500
11436610716,3,10,0.2500
11436610717,3,10,0.2500
11436610777,3,10,1.0000
11436610778,3,10,1.0000
11436610779,3,10,1.0000
11436610802,3,10,1.0000
11436610803,3,10,1.0000
11436610804,3,10,1.0000
11436610805,3,10,1.0000
11436610806,3,10,1.0000
11436610807,3,10,1.0000
11436610952,3,10,1.0000
11436610953,3,10,1.0000
11436610954,3,10,1.0000
11436610955,3,10,1.0000
11436610956,3,10,1.0000
11436610957,3,10,1.0000
11436610985,3,10,0.0000
11436610986,3,10,0.7500
11436610987,3,10,1.0000
11436611007,3,10,1.0000
11436611008,3,10,0.7500
11436611009,3,10,0.2500
11436611010,3,10,1.0000
11436611011,3,10,1.0000
11436611012,3,10,1.0000
11436611013,3,10,1.0000
11436611014,3,10,1.0000
11436611019,3,10,1.0000
11436611020,3,10,1.0000
11436611021,3,10,1.0000
11436611023,3,10,1.0000
11436611024,3,10,1.0000
11436611025,3,10,1.0000
11436611069,3,10,1.0000
11436611070,3,10,1.0000
11436611071,3,10,1.0000
11436611072,3,10,1.0000
11436611073,3,10,0.7500
11436611074,3,10,0.5000
11436611075,3,10,0.5000
11436611076,3,10,0.5000
11436611078,3,10,1.0000
11436611079,3,10,1.0000
11436611080,3,10,1.0000
11436611081,3,10,1.0000
11436611082,3,10,1.0000
11436611083,3,10,1.0000
11436611085,3,10,1.0000
11436611086,3,10,1.0000
11436611087,3,10,1.0000
11436611088,3,10,1.0000
11436611089,3,10,1.0000
11436611090,3,10,1.0000
11436611091,3,10,1.0000
11436611095,3,10,1.0000
11436611096,3,10,1.0000
11436611097,3,10,1.0000
11436611103,3,10,1.0000
11436611104,3,10,1.0000
11436611105,3,10,1.0000
11436611106,3,10,1.0000
11436611107,3,10,1.0000
11436611108,3,10,1.0000
11436611109,3,10,1.0000
11436611110,3,10,1.0000
11436611111,3,10,1.0000
11436611112,3,10,1.0000
11436611113,3,10,1.0000
11436611320,3,10,0.2500
11436611321,3,10,0.0000
11436611322,3,10,0.0000
11436611348,3,10,1.0000
11436611349,3,10,1.0000
11436611350,3,10,1.0000
11436611351,3,10,1.0000
11436611352,3,10,1.0000
11436611353,3,10,1.0000
11436611357,3,10,1.0000
11436611358,3,10,1.0000
11436611359,3,10,1.0000
11436611360,3,10,1.0000
11436611361,3,10,1.0000
11436611362,3,10,1.0000
11436611363,3,10,0.0000
11436611364,3,10,0.0000
11436611365,3,10,0.0000
11435810926,3,11,0.2500
11435810927,3,11,1.0000
11435810928,3,11,1.0000
11435810929,3,11,1.0000
11435810930,3,11,0.0000
11435810931,3,11,0.2500
11435811010,3,11,1.0000
11435811011,3,11,1.0000
11435811013,3,11,0.0000
11435811014,3,11,1.0000
11435811015,3,11,1.0000
11435811020,3,11,0.0000
11435811021,3,11,1.0000
11435811022,3,11,1.0000
11435989729,3,11,1.0000
11435989730,3,11,1.0000
11435989739,3,11,0.0000
11435989740,3,11,0.2500
11435989741,3,11,1.0000
11435989742,3,11,0.0000
11435989743,3,11,0.0000
11435989744,3,11,0.0000
11435989746,3,11,1.0000
11435989747,3,11,1.0000
11435989748,3,11,1.0000
11435989749,3,11,1.0000
11435989750,3,11,1.0000
11435989751,3,11,1.0000
11435996877,3,11,0.0000
11435996878,3,11,0.0000
11435996879,3,11,0.0000
11435996880,3,11,0.0000
11435996881,3,11,0.0000
11435996882,3,11,1.0000
11435996884,3,11,0.0000
11435996885,3,11,0.0000
11435996886,3,11,1.0000
11435996911,3,11,1.0000
11435996912,3,11,1.0000
11435996913,3,11,1.0000
11435996914,3,11,1.0000
11435996915,3,11,1.0000
11435996916,3,11,1.0000
11435996917,3,11,1.0000
11435996918,3,11,1.0000
11435996919,3,11,1.0000
11435996920,3,11,1.0000
11435996921,3,11,1.0000
11435996922,3,11,1.0000
11435996923,3,11,1.0000
11435996924,3,11,1.0000
11435996925,3,11,1.0000
11435996926,3,11,1.0000
11435996927,3,11,1.0000
11435996928,3,11,1.0000
11435996929,3,11,1.0000
11435996930,3,11,1.0000
11435996931,3,11,1.0000
11435996932,3,11,1.0000
11435996933,3,11,1.0000
11435996934,3,11,1.0000
11435996935,3,11,1.0000
11435996936,3,11,1.0000
11435996937,3,11,0.0000
11435996938,3,11,1.0000
11435996939,3,11,0.7500
11435996940,3,11,0.0000
11435996941,3,11,0.0000
11435996942,3,11,1.0000
11435996943,3,11,0.0000
11435996944,3,11,0.0000
11435996959,3,11,0.0000
11435996960,3,11,0.0000
11435996961,3,11,1.0000
11435996962,3,11,1.0000
11435996969,3,11,0.0000
11435996970,3,11,0.0000
11435996971,3,11,0.0000
11435996972,3,11,0.0000
11435996973,3,11,0.5000
11435996974,3,11,0.5000
11435996975,3,11,0.0000
11435996976,3,11,0.0000
11435997020,3,11,0.0000
11435997021,3,11,0.0000
11435997022,3,11,1.0000
11435997023,3,11,0.7500
11435997024,3,11,0.0000
11435997046,3,11,0.0000
11435997047,3,11,0.0000
11435997048,3,11,0.0000
11435997049,3,11,0.0000
11435997050,3,11,0.0000
11435997051,3,11,0.0000
11435997052,3,11,0.0000
11435997053,3,11,0.0000
11435997054,3,11,0.0000
11435997055,3,11,0.0000
11435997058,3,11,0.0000
11435997059,3,11,0.0000
11435997060,3,11,0.0000
11435997061,3,11,0.0000
11435997062,3,11,0.0000
11435997063,3,11,0.0000
11435997064,3,11,0.0000
11435997065,3,11,0.0000
11435997066,3,11,0.0000
11435997067,3,11,0.0000
11435997068,3,11,1.0000
11435997095,3,11,0.0000
11435997096,3,11,1.0000
11435997097,3,11,1.0000
11435997102,3,11,0.0000
11435997103,3,11,0.0000
11435997104,3,11,0.0000
11435997149,3,11,1.0000
11435997150,3,11,1.0000
11435997151,3,11,1.0000
11435997241,3,11,0.5000
11435997242,3,11,0.5000
11435997243,3,11,1.0000
11435997244,3,11,1.0000
11435997245,3,11,1.0000
11435997250,3,11,1.0000
11435997251,3,11,1.0000
11435997252,3,11,1.0000
11435997431,3,11,0.0000
11435997432,3,11,0.0000
11435997433,3,11,0.0000
11435997434,3,11,0.0000
11435997435,3,11,0.0000
11435997436,3,11,0.0000
11435997437,3,11,0.0000
11435997438,3,11,0.0000
11435997439,3,11,0.0000
11435997440,3,11,0.0000
11435997441,3,11,0.0000
11435997442,3,11,0.0000
11435997443,3,11,0.0000
11435997444,3,11,0.0000
11435997445,3,11,0.0000
11435997446,3,11,0.0000
11435997447,3,11,0.0000
11435997448,3,11,0.0000
11435997449,3,11,0.0000
11436260396,3,11,0.0000
11436260397,3,11,1.0000
11436260398,3,11,1.0000
11436260399,3,11,0.0000
11436266180,3,11,0.0000
11436266181,3,11,0.0000
11436266182,3,11,0.0000
11436266183,3,11,0.0000
11436266184,3,11,0.0000
11436266185,3,11,0.0000
11436266188,3,11,0.0000
11436266189,3,11,0.0000
11436266190,3,11,0.0000
11436266191,3,11,0.0000
11436266192,3,11,0.0000
11436266197,3,11,0.0000
11436266198,3,11,0.7500
11436266199,3,11,1.0000
11436266200,3,11,1.0000
11436266201,3,11,1.0000
11436266202,3,11,1.0000
11436266203,3,11,0.0000
11436266204,3,11,0.0000
11436266205,3,11,0.0000
11436266283,3,11,0.0000
11436266284,3,11,0.0000
11436266285,3,11,0.0000
11436266286,3,11,1.0000
11436266287,3,11,1.0000
11436266315,3,11,0.0000
11436266316,3,11,0.0000
11436266317,3,11,0.0000
11436266320,3,11,0.0000
11436266321,3,11,0.0000
11436266322,3,11,0.0000
11436266331,3,11,0.0000
11436266332,3,11,0.0000
11436266333,3,11,0.0000
11436266340,3,11,1.0000
11436266341,3,11,1.0000
11436266342,3,11,1.0000
11436266356,3,11,0.0000
11436266357,3,11,0.0000
11436266358,3,11,0.0000
11436266359,3,11,1.0000
11436266520,3,11,0.0000
11436266521,3,11,0.0000
11436266522,3,11,0.0000
11436266524,3,11,1.0000
11436266525,3,11,1.0000
11436266526,3,11,0.0000
11436266527,3,11,1.0000
11436266528,3,11,1.0000
11436266529,3,11,0.0000
11436266602,3,11,0.0000
11436266603,3,11,0.0000
11436266644,3,11,1.0000
11436266645,3,11,1.0000
11436266646,3,11,1.0000
11436266650,3,11,0.2500
11436266651,3,11,1.0000
11436266652,3,11,1.0000
11436266653,3,11,1.0000
11436266679,3,11,0.0000
11436266680,3,11,0.0000
11436266681,3,11,0.0000
11436266682,3,11,0.0000
11436266683,3,11,0.0000
11436266684,3,11,0.0000
11436266736,3,11,0.2500
11436266737,3,11,0.7500
11436266739,3,11,0.0000
11436266740,3,11,0.2500
11436266741,3,11,0.5000
11436266742,3,11,1.0000
11436266743,3,11,0.0000
11436266744,3,11,0.0000
11436266745,3,11,1.0000
11436266752,3,11,0.2500
11436266753,3,11,0.0000
11436266754,3,11,0.0000
11436266824,3,11,0.0000
11436266825,3,11,0.0000
11436266826,3,11,0.0000
11436266827,3,11,0.0000
11436266828,3,11,0.0000
11436266830,3,11,0.0000
11436266831,3,11,0.0000
11436266863,3,11,0.0000
11436266864,3,11,0.2500
11436266866,3,11,0.0000
11436266867,3,11,0.0000
11436266917,3,11,1.0000
11436266918,3,11,1.0000
11436266919,3,11,1.0000
11436266921,3,11,1.0000
11436266922,3,11,0.7500
11436266923,3,11,1.0000
11436266924,3,11,0.0000
11436266925,3,11,0.0000
11436266926,3,11,0.0000
11436266929,3,11,0.0000
11436266930,3,11,1.0000
11436266931,3,11,0.7500
11436266939,3,11,0.5000
11436266940,3,11,0.2500
11436266941,3,11,0.2500
11436267002,3,11,1.0000
11436267003,3,11,1.0000
11436267004,3,11,1.0000
11436267005,3,11,1.0000
11436267006,3,11,1.0000
11436267007,3,11,1.0000
11436267008,3,11,1.0000
11436267011,3,11,0.0000
11436267012,3,11,0.0000
11436267013,3,11,0.0000
11436267014,3,11,0.0000
11436267015,3,11,0.0000
11436267016,3,11,0.0000
11436596614,3,11,0.0000
11436596615,3,11,1.0000
11436596616,3,11,1.0000
11436596617,3,11,1.0000
11436609584,3,11,1.0000
11436609585,3,11,1.0000
11436609586,3,11,1.0000
11436609587,3,11,1.0000
11436609588,3,11,1.0000
11436609589,3,11,0.0000
11436609591,3,11,0.0000
11436609592,3,11,0.0000
11436609593,3,11,0.0000
11436609606,3,11,0.0000
11436609607,3,11,0.0000
11436609608,3,11,0.0000
11436609609,3,11,0.0000
11436609610,3,11,1.0000
11436609611,3,11,1.0000
11436609630,3,11,1.0000
11436609631,3,11,1.0000
11436609632,3,11,1.0000
11436609636,3,11,0.0000
11436609637,3,11,0.0000
11436609638,3,11,0.0000
11436609639,3,11,0.0000
11436609640,3,11,0.0000
11436609648,3,11,1.0000
11436609649,3,11,1.0000
11436609650,3,11,1.0000
11436609653,3,11,1.0000
11436609654,3,11,1.0000
11436609655,3,11,1.0000
11436610697,3,11,1.0000
11436610698,3,11,1.0000
11436610699,3,11,1.0000
11436610710,3,11,1.0000
11436610711,3,11,1.0000
11436610712,3,11,0.0000
11436610713,3,11,0.0000
11436610714,3,11,0.0000
11436610715,3,11,0.0000
11436610716,3,11,0.0000
11436610717,3,11,0.7500
11436610777,3,11,0.0000
11436610778,3,11,0.7500
11436610779,3,11,1.0000
11436610802,3,11,1.0000
11436610803,3,11,1.0000
11436610804,3,11,1.0000
11436610805,3,11,1.0000
11436610806,3,11,1.0000
11436610807,3,11,1.0000
11436610952,3,11,0.0000
11436610953,3,11,0.0000
11436610954,3,11,0.0000
11436610955,3,11,1.0000
11436610956,3,11,1.0000
11436610957,3,11,1.0000
11436610985,3,11,0.2500
11436610986,3,11,0.0000
11436610987,3,11,0.0000
11436611007,3,11,0.7500
11436611008,3,11,1.0000
11436611009,3,11,1.0000
11436611010,3,11,1.0000
11436611011,3,11,1.0000
11436611012,3,11,1.0000
11436611013,3,11,1.0000
11436611014,3,11,0.5000
11436611019,3,11,1.0000
11436611020,3,11,1.0000
11436611021,3,11,1.0000
11436611023,3,11,1.0000
11436611024,3,11,1.0000
11436611025,3,11,1.0000
11436611069,3,11,1.0000
11436611070,3,11,1.0000
11436611071,3,11,1.0000
11436611072,3,11,1.0000
11436611073,3,11,1.0000
11436611074,3,11,0.5000
11436611075,3,11,0.0000
11436611076,3,11,1.0000
11436611078,3,11,1.0000
11436611079,3,11,1.0000
11436611080,3,11,1.0000
11436611081,3,11,1.0000
11436611082,3,11,0.0000
11436611083,3,11,0.0000
11436611085,3,11,1.0000
11436611086,3,11,1.0000
11436611087,3,11,1.0000
11436611088,3,11,1.0000
11436611089,3,11,1.0000
11436611090,3,11,1.0000
11436611091,3,11,1.0000
11436611095,3,11,1.0000
11436611096,3,11,1.0000
11436611097,3,11,1.0000
11436611103,3,11,1.0000
11436611104,3,11,1.0000
11436611105,3,11,1.0000
11436611106,3,11,1.0000
11436611107,3,11,1.0000
11436611108,3,11,1.0000
11436611109,3,11,1.0000
11436611110,3,11,1.0000
11436611111,3,11,1.0000
11436611112,3,11,1.0000
11436611113,3,11,1.0000
11436611320,3,11,0.0000
11436611321,3,11,0.0000
11436611322,3,11,0.0000
11436611348,3,11,1.0000
11436611349,3,11,1.0000
11436611350,3,11,1.0000
11436611351,3,11,1.0000
11436611352,3,11,1.0000
11436611353,3,11,1.0000
11436611357,3,11,0.0000
11436611358,3,11,0.5000
11436611359,3,11,0.7500
11436611360,3,11,0.0000
11436611361,3,11,0.0000
11436611362,3,11,0.0000
11436611363,3,11,0.0000
11436611364,3,11,0.0000
11436611365,3,11,0.0000
11435810926,6,7,1.0000
11435810927,6,7,1.0000
11435810928,6,7,1.0000
11435810929,6,7,1.0000
11435810930,6,7,1.0000
11435810931,6,7,1.0000
11435811010,6,7,1.0000
11435811011,6,7,1.0000
11435811013,6,7,1.0000
11435811014,6,7,1.0000
11435811015,6,7,1.0000
11435811020,6,7,1.0000
11435811021,6,7,1.0000
11435811022,6,7,1.0000
11435989729,6,7,1.0000
11435989730,6,7,0.0000
11435989739,6,7,0.2500
11435989740,6,7,0.0000
11435989741,6,7,0.0000
11435989742,6,7,1.0000
11435989743,6,7,1.0000
11435989744,6,7,1.0000
11435989746,6,7,1.0000
11435989747,6,7,1.0000
11435989748,6,7,1.0000
11435989749,6,7,1.0000
11435989750,6,7,1.0000
11435989751,6,7,1.0000
11435996877,6,7,0.2500
11435996878,6,7,0.2500
11435996879,6,7,0.7500
11435996880,6,7,1.0000
11435996881,6,7,1.0000
11435996882,6,7,1.0000
11435996884,6,7,1.0000
11435996885,6,7,1.0000
11435996886,6,7,1.0000
11435996911,6,7,1.0000
11435996912,6,7,1.0000
11435996913,6,7,1.0000
11435996914,6,7,1.0000
11435996915,6,7,1.0000
11435996916,6,7,1.0000
11435996917,6,7,1.0000
11435996918,6,7,1.0000
11435996919,6,7,1.0000
11435996920,6,7,1.0000
11435996921,6,7,1.0000
11435996922,6,7,1.0000
11435996923,6,7,1.0000
11435996924,6,7,1.0000
11435996925,6,7,1.0000
11435996926,6,7,1.0000
11435996927,6,7,1.0000
11435996928,6,7,1.0000
11435996929,6,7,1.0000
11435996930,6,7,1.0000
11435996931,6,7,1.0000
11435996932,6,7,1.0000
11435996933,6,7,1.0000
11435996934,6,7,1.0000
11435996935,6,7,1.0000
11435996936,6,7,1.0000
11435996937,6,7,0.7500
11435996938,6,7,0.7500
11435996939,6,7,0.7500
11435996940,6,7,0.5000
11435996941,6,7,0.7500
11435996942,6,7,1.0000
11435996943,6,7,1.0000
11435996944,6,7,0.7500
11435996959,6,7,0.7500
11435996960,6,7,1.0000
11435996961,6,7,1.0000
11435996962,6,7,1.0000
11435996969,6,7,1.0000
11435996970,6,7,1.0000
11435996971,6,7,1.0000
11435996972,6,7,1.0000
11435996973,6,7,1.0000
11435996974,6,7,1.0000
11435996975,6,7,1.0000
11435996976,6,7,1.0000
11435997020,6,7,1.0000
11435997021,6,7,1.0000
11435997022,6,7,1.0000
11435997023,6,7,1.0000
11435997024,6,7,1.0000
11435997046,6,7,0.2500
11435997047,6,7,1.0000
11435997048,6,7,0.0000
11435997049,6,7,0.0000
11435997050,6,7,0.2500
11435997051,6,7,0.5000
11435997052,6,7,0.0000
11435997053,6,7,0.5000
11435997054,6,7,0.5000
11435997055,6,7,0.5000
11435997058,6,7,0.0000
11435997059,6,7,0.0000
11435997060,6,7,0.0000
11435997061,6,7,0.0000
11435997062,6,7,0.0000
11435997063,6,7,1.0000
11435997064,6,7,1.0000
11435997065,6,7,1.0000
11435997066,6,7,0.5000
11435997067,6,7,0.2500
11435997068,6,7,0.0000
11435997095,6,7,1.0000
11435997096,6,7,1.0000
11435997097,6,7,1.0000
11435997102,6,7,1.0000
11435997103,6,7,1.0000
11435997104,6,7,1.0000
11435997149,6,7,1.0000
11435997150,6,7,1.0000
11435997151,6,7,1.0000
11435997241,6,7,1.0000
11435997242,6,7,1.0000
11435997243,6,7,1.0000
11435997244,6,7,1.0000
11435997245,6,7,1.0000
11435997250,6,7,1.0000
11435997251,6,7,0.5000
11435997252,6,7,0.7500
11435997431,6,7,1.0000
11435997432,6,7,1.0000
11435997433,6,7,1.0000
11435997434,6,7,1.0000
11435997435,6,7,1.0000
11435997436,6,7,1.0000
11435997437,6,7,1.0000
11435997438,6,7,1.0000
11435997439,6,7,1.0000
11435997440,6,7,1.0000
11435997441,6,7,1.0000
11435997442,6,7,1.0000
11435997443,6,7,1.0000
11435997444,6,7,1.0000
11435997445,6,7,0.5000
11435997446,6,7,0.5000
11435997447,6,7,0.5000
11435997448,6,7,0.0000
11435997449,6,7,0.0000
11436260396,6,7,1.0000
11436260397,6,7,1.0000
11436260398,6,7,1.0000
11436260399,6,7,0.7500
11436266180,6,7,0.0000
11436266181,6,7,0.0000
11436266182,6,7,0.0000
11436266183,6,7,0.0000
11436266184,6,7,0.0000
11436266185,6,7,0.0000
11436266188,6,7,0.0000
11436266189,6,7,0.0000
11436266190,6,7,0.0000
11436266191,6,7,0.0000
11436266192,6,7,0.0000
11436266197,6,7,0.0000
11436266198,6,7,0.0000
11436266199,6,7,0.0000
11436266200,6,7,0.0000
11436266201,6,7,0.0000
11436266202,6,7,0.0000
11436266203,6,7,0.0000
11436266204,6,7,0.0000
11436266205,6,7,0.0000
11436266283,6,7,1.0000
11436266284,6,7,1.0000
11436266285,6,7,1.0000
11436266286,6,7,1.0000
11436266287,6,7,1.0000
11436266315,6,7,0.0000
11436266316,6,7,0.0000
11436266317,6,7,0.0000
11436266320,6,7,0.0000
11436266321,6,7,0.0000
11436266322,6,7,0.0000
11436266331,6,7,0.2500
11436266332,6,7,0.0000
11436266333,6,7,0.0000
11436266340,6,7,0.0000
11436266341,6,7,0.0000
11436266342,6,7,0.0000
11436266356,6,7,0.0000
11436266357,6,7,0.0000
11436266358,6,7,0.0000
11436266359,6,7,0.0000
11436266520,6,7,0.7500
11436266521,6,7,0.0000
11436266522,6,7,0.2500
11436266524,6,7,0.5000
11436266525,6,7,0.5000
11436266526,6,7,0.5000
11436266527,6,7,0.0000
11436266528,6,7,0.0000
11436266529,6,7,0.0000
11436266602,6,7,0.5000
11436266603,6,7,1.0000
11436266644,6,7,1.0000
11436266645,6,7,1.0000
11436266646,6,7,1.0000
11436266650,6,7,1.0000
11436266651,6,7,1.0000
11436266652,6,7,1.0000
11436266653,6,7,1.0000
11436266679,6,7,0.0000
11436266680,6,7,0.0000
11436266681,6,7,0.0000
11436266682,6,7,0.0000
11436266683,6,7,0.0000
11436266684,6,7,0.0000
11436266736,6,7,1.0000
11436266737,6,7,1.0000
11436266739,6,7,1.0000
11436266740,6,7,1.0000
11436266741,6,7,1.0000
11436266742,6,7,1.0000
11436266743,6,7,0.2500
11436266744,6,7,0.2500
11436266745,6,7,0.0000
11436266752,6,7,1.0000
11436266753,6,7,1.0000
11436266754,6,7,1.0000
11436266824,6,7,1.0000
11436266825,6,7,1.0000
11436266826,6,7,1.0000
11436266827,6,7,0.7500
11436266828,6,7,1.0000
11436266830,6,7,1.0000
11436266831,6,7,0.5000
11436266863,6,7,1.0000
11436266864,6,7,1.0000
11436266866,6,7,1.0000
11436266867,6,7,1.0000
11436266917,6,7,1.0000
11436266918,6,7,1.0000
11436266919,6,7,1.0000
11436266921,6,7,1.0000
11436266922,6,7,1.0000
11436266923,6,7,1.0000
11436266924,6,7,1.0000
11436266925,6,7,1.0000
11436266926,6,7,1.0000
11436266929,6,7,1.0000
11436266930,6,7,1.0000
11436266931,6,7,1.0000
11436266939,6,7,1.0000
11436266940,6,7,1.0000
11436266941,6,7,1.0000
11436267002,6,7,1.0000
11436267003,6,7,1.0000
11436267004,6,7,1.0000
11436267005,6,7,1.0000
11436267006,6,7,1.0000
11436267007,6,7,1.0000
11436267008,6,7,1.0000
11436267011,6,7,1.0000
11436267012,6,7,1.0000
11436267013,6,7,1.0000
11436267014,6,7,1.0000
11436267015,6,7,1.0000
11436267016,6,7,1.0000
11436596614,6,7,1.0000
11436596615,6,7,1.0000
11436596616,6,7,1.0000
11436596617,6,7,1.0000
11436609584,6,7,1.0000
11436609585,6,7,1.0000
11436609586,6,7,1.0000
11436609587,6,7,1.0000
11436609588,6,7,0.2500
11436609589,6,7,0.2500
11436609591,6,7,1.0000
11436609592,6,7,1.0000
11436609593,6,7,1.0000
11436609606,6,7,1.0000
11436609607,6,7,1.0000
11436609608,6,7,1.0000
11436609609,6,7,1.0000
11436609610,6,7,1.0000
11436609611,6,7,1.0000
11436609630,6,7,1.0000
11436609631,6,7,1.0000
11436609632,6,7,1.0000
11436609636,6,7,0.7500
11436609637,6,7,1.0000
11436609638,6,7,1.0000
11436609639,6,7,0.0000
11436609640,6,7,0.2500
11436609648,6,7,1.0000
11436609649,6,7,0.5000
11436609650,6,7,0.5000
11436609653,6,7,1.0000
11436609654,6,7,1.0000
11436609655,6,7,1.0000
11436610697,6,7,1.0000
11436610698,6,7,1.0000
11436610699,6,7,1.0000
11436610710,6,7,1.0000
11436610711,6,7,1.0000
11436610712,6,7,1.0000
11436610713,6,7,1.0000
11436610714,6,7,1.0000
11436610715,6,7,1.0000
11436610716,6,7,1.0000
11436610717,6,7,1.0000
11436610777,6,7,1.0000
11436610778,6,7,1.0000
11436610779,6,7,1.0000
11436610802,6,7,1.0000
11436610803,6,7,1.0000
11436610804,6,7,1.0000
11436610805,6,7,1.0000
11436610806,6,7,1.0000
11436610807,6,7,1.0000
11436610952,6,7,1.0000
11436610953,6,7,1.0000
11436610954,6,7,1.0000
11436610955,6,7,1.0000
11436610956,6,7,1.0000
11436610957,6,7,1.0000
11436610985,6,7,1.0000
11436610986,6,7,1.0000
11436610987,6,7,1.0000
11436611007,6,7,1.0000
11436611008,6,7,1.0000
11436611009,6,7,1.0000
11436611010,6,7,1.0000
11436611011,6,7,1.0000
11436611012,6,7,1.0000
11436611013,6,7,1.0000
11436611014,6,7,1.0000
11436611019,6,7,1.0000
11436611020,6,7,1.0000
11436611021,6,7,1.0000
11436611023,6,7,1.0000
11436611024,6,7,1.0000
11436611025,6,7,1.0000
11436611069,6,7,1.0000
11436611070,6,7,1.0000
11436611071,6,7,1.0000
11436611072,6,7,1.0000
11436611073,6,7,1.0000
11436611074,6,7,1.0000
11436611075,6,7,1.0000
11436611076,6,7,1.0000
11436611078,6,7,1.0000
11436611079,6,7,1.0000
11436611080,6,7,1.0000
11436611081,6,7,1.0000
11436611082,6,7,1.0000
11436611083,6,7,1.0000
11436611085,6,7,1.0000
11436611086,6,7,1.0000
11436611087,6,7,1.0000
11436611088,6,7,1.0000
11436611089,6,7,1.0000
11436611090,6,7,1.0000
11436611091,6,7,1.0000
11436611095,6,7,1.0000
11436611096,6,7,1.0000
11436611097,6,7,1.0000
11436611103,6,7,1.0000
11436611104,6,7,1.0000
11436611105,6,7,1.0000
11436611106,6,7,1.0000
11436611107,6,7,1.0000
11436611108,6,7,1.0000
11436611109,6,7,1.0000
11436611110,6,7,1.0000
11436611111,6,7,1.0000
11436611112,6,7,1.0000
11436611113,6,7,1.0000
11436611320,6,7,1.0000
11436611321,6,7,1.0000
11436611322,6,7,1.0000
11436611348,6,7,1.0000
11436611349,6,7,1.0000
11436611350,6,7,1.0000
11436611351,6,7,1.0000
11436611352,6,7,1.0000
11436611353,6,7,1.0000
11436611357,6,7,1.0000
11436611358,6,7,1.0000
11436611359,6,7,1.0000
11436611360,6,7,1.0000
11436611361,6,7,1.0000
11436611362,6,7,1.0000
11436611363,6,7,1.0000
11436611364,6,7,1.0000
11436611365,6,7,1.0000
11435810926,6,8,1.0000
11435810927,6,8,1.0000
11435810928,6,8,1.0000
11435810929,6,8,1.0000
11435810930,6,8,1.0000
11435810931,6,8,1.0000
11435811010,6,8,1.0000
11435811011,6,8,1.0000
11435811013,6,8,1.0000
11435811014,6,8,0.0000
11435811015,6,8,0.2500
11435811020,6,8,1.0000
11435811021,6,8,1.0000
11435811022,6,8,1.0000
11435989729,6,8,0.0000
11435989730,6,8,0.0000
11435989739,6,8,0.7500
11435989740,6,8,0.0000
11435989741,6,8,0.0000
11435989742,6,8,1.0000
11435989743,6,8,1.0000
11435989744,6,8,1.0000
11435989746,6,8,1.0000
11435989747,6,8,0.7500
11435989748,6,8,1.0000
11435989749,6,8,1.0000
11435989750,6,8,0.5000
11435989751,6,8,0.7500
11435996877,6,8,0.0000
11435996878,6,8,0.0000
11435996879,6,8,0.0000
11435996880,6,8,0.0000
11435996881,6,8,0.0000
11435996882,6,8,0.0000
11435996884,6,8,1.0000
11435996885,6,8,1.0000
11435996886,6,8,0.0000
11435996911,6,8,1.0000
11435996912,6,8,0.7500
11435996913,6,8,1.0000
11435996914,6,8,0.7500
11435996915,6,8,0.0000
11435996916,6,8,0.2500
11435996917,6,8,0.0000
11435996918,6,8,0.0000
11435996919,6,8,0.0000
11435996920,6,8,0.5000
11435996921,6,8,0.0000
11435996922,6,8,1.0000
11435996923,6,8,1.0000
11435996924,6,8,1.0000
11435996925,6,8,0.0000
11435996926,6,8,0.0000
11435996927,6,8,0.0000
11435996928,6,8,0.0000
11435996929,6,8,1.0000
11435996930,6,8,1.0000
11435996931,6,8,1.0000
11435996932,6,8,1.0000
11435996933,6,8,1.0000
11435996934,6,8,1.0000
11435996935,6,8,1.0000
11435996936,6,8,1.0000
11435996937,6,8,0.0000
11435996938,6,8,1.0000
11435996939,6,8,0.2500
11435996940,6,8,0.0000
11435996941,6,8,0.0000
11435996942,6,8,1.0000
11435996943,6,8,0.0000
11435996944,6,8,0.0000
11435996959,6,8,0.0000
11435996960,6,8,0.0000
11435996961,6,8,0.0000
11435996962,6,8,0.0000
11435996969,6,8,1.0000
11435996970,6,8,1.0000
11435996971,6,8,1.0000
11435996972,6,8,0.5000
11435996973,6,8,1.0000
11435996974,6,8,1.0000
11435996975,6,8,1.0000
11435996976,6,8,1.0000
11435997020,6,8,1.0000
11435997021,6,8,0.0000
11435997022,6,8,0.0000
11435997023,6,8,0.0000
11435997024,6,8,0.0000
11435997046,6,8,0.0000
11435997047,6,8,0.0000
11435997048,6,8,0.0000
11435997049,6,8,0.0000
11435997050,6,8,0.0000
11435997051,6,8,0.0000
11435997052,6,8,0.0000
11435997053,6,8,0.0000
11435997054,6,8,0.0000
11435997055,6,8,0.0000
11435997058,6,8,1.0000
11435997059,6,8,0.0000
11435997060,6,8,0.0000
11435997061,6,8,1.0000
11435997062,6,8,1.0000
11435997063,6,8,0.0000
11435997064,6,8,0.0000
11435997065,6,8,0.0000
11435997066,6,8,0.0000
11435997067,6,8,0.7500
11435997068,6,8,1.0000
11435997095,6,8,1.0000
11435997096,6,8,1.0000
11435997097,6,8,1.0000
11435997102,6,8,1.0000
11435997103,6,8,1.0000
11435997104,6,8,1.0000
11435997149,6,8,1.0000
11435997150,6,8,1.0000
11435997151,6,8,0.7500
11435997241,6,8,0.0000
11435997242,6,8,0.5000
11435997243,6,8,1.0000
11435997244,6,8,1.0000
11435997245,6,8,1.0000
11435997250,6,8,0.0000
11435997251,6,8,0.0000
11435997252,6,8,0.7500
11435997431,6,8,0.5000
11435997432,6,8,0.5000
11435997433,6,8,0.2500
11435997434,6,8,0.0000
11435997435,6,8,0.0000
11435997436,6,8,0.0000
11435997437,6,8,0.0000
11435997438,6,8,0.0000
11435997439,6,8,0.0000
11435997440,6,8,0.0000
11435997441,6,8,0.0000
11435997442,6,8,0.0000
11435997443,6,8,0.0000
11435997444,6,8,0.0000
11435997445,6,8,0.0000
11435997446,6,8,0.0000
11435997447,6,8,0.0000
11435997448,6,8,0.0000
11435997449,6,8,0.0000
11436260396,6,8,0.0000
11436260397,6,8,0.2500
11436260398,6,8,1.0000
11436260399,6,8,1.0000
11436266180,6,8,0.0000
11436266181,6,8,0.0000
11436266182,6,8,0.0000
11436266183,6,8,0.0000
11436266184,6,8,0.0000
11436266185,6,8,0.0000
11436266188,6,8,0.0000
11436266189,6,8,0.0000
11436266190,6,8,0.0000
11436266191,6,8,0.0000
11436266192,6,8,0.0000
11436266197,6,8,0.0000
11436266198,6,8,0.0000
11436266199,6,8,0.0000
11436266200,6,8,0.0000
11436266201,6,8,0.0000
11436266202,6,8,0.0000
11436266203,6,8,0.0000
11436266204,6,8,0.0000
11436266205,6,8,0.0000
11436266283,6,8,0.2500
11436266284,6,8,1.0000
11436266285,6,8,1.0000
11436266286,6,8,1.0000
11436266287,6,8,1.0000
11436266315,6,8,0.0000
11436266316,6,8,0.0000
11436266317,6,8,0.0000
11436266320,6,8,0.0000
11436266321,6,8,0.0000
11436266322,6,8,0.0000
11436266331,6,8,0.0000
11436266332,6,8,0.0000
11436266333,6,8,0.0000
11436266340,6,8,0.0000
11436266341,6,8,0.0000
11436266342,6,8,0.0000
11436266356,6,8,0.0000
11436266357,6,8,0.0000
11436266358,6,8,0.0000
11436266359,6,8,0.0000
11436266520,6,8,0.0000
11436266521,6,8,0.0000
11436266522,6,8,1.0000
11436266524,6,8,0.7500
11436266525,6,8,0.0000
11436266526,6,8,0.0000
11436266527,6,8,0.0000
11436266528,6,8,0.0000
11436266529,6,8,0.0000
11436266602,6,8,0.0000
11436266603,6,8,0.0000
11436266644,6,8,0.2500
11436266645,6,8,1.0000
11436266646,6,8,1.0000
11436266650,6,8,1.0000
11436266651,6,8,1.0000
11436266652,6,8,0.0000
11436266653,6,8,0.0000
11436266679,6,8,0.0000
11436266680,6,8,0.0000
11436266681,6,8,0.0000
11436266682,6,8,0.0000
11436266683,6,8,0.0000
11436266684,6,8,0.0000
11436266736,6,8,1.0000
11436266737,6,8,1.0000
11436266739,6,8,0.2500
11436266740,6,8,0.0000
11436266741,6,8,0.0000
11436266742,6,8,0.0000
11436266743,6,8,0.0000
11436266744,6,8,0.7500
11436266745,6,8,0.2500
11436266752,6,8,1.0000
11436266753,6,8,1.0000
11436266754,6,8,1.0000
11436266824,6,8,0.0000
11436266825,6,8,0.5000
11436266826,6,8,0.5000
11436266827,6,8,0.7500
11436266828,6,8,0.7500
11436266830,6,8,0.5000
11436266831,6,8,0.2500
11436266863,6,8,1.0000
11436266864,6,8,1.0000
11436266866,6,8,1.0000
11436266867,6,8,1.0000
11436266917,6,8,1.0000
11436266918,6,8,0.5000
11436266919,6,8,0.0000
11436266921,6,8,0.0000
11436266922,6,8,0.7500
11436266923,6,8,1.0000
11436266924,6,8,0.2500
11436266925,6,8,0.2500
11436266926,6,8,0.2500
11436266929,6,8,1.0000
11436266930,6,8,1.0000
11436266931,6,8,1.0000
11436266939,6,8,1.0000
11436266940,6,8,0.5000
11436266941,6,8,1.0000
11436267002,6,8,0.0000
11436267003,6,8,0.7500
11436267004,6,8,0.0000
11436267005,6,8,0.0000
11436267006,6,8,0.0000
11436267007,6,8,0.0000
11436267008,6,8,0.0000
11436267011,6,8,0.2500
11436267012,6,8,1.0000
11436267013,6,8,1.0000
11436267014,6,8,1.0000
11436267015,6,8,1.0000
11436267016,6,8,1.0000
11436596614,6,8,0.0000
11436596615,6,8,0.0000
11436596616,6,8,1.0000
11436596617,6,8,0.5000
11436609584,6,8,1.0000
11436609585,6,8,1.0000
11436609586,6,8,1.0000
11436609587,6,8,1.0000
11436609588,6,8,0.5000
11436609589,6,8,0.5000
11436609591,6,8,1.0000
11436609592,6,8,0.7500
11436609593,6,8,0.7500
11436609606,6,8,1.0000
11436609607,6,8,1.0000
11436609608,6,8,1.0000
11436609609,6,8,1.0000
11436609610,6,8,1.0000
11436609611,6,8,1.0000
11436609630,6,8,1.0000
11436609631,6,8,1.0000
11436609632,6,8,1.0000
11436609636,6,8,1.0000
11436609637,6,8,1.0000
11436609638,6,8,1.0000
11436609639,6,8,1.0000
11436609640,6,8,0.5000
11436609648,6,8,1.0000
11436609649,6,8,1.0000
11436609650,6,8,1.0000
11436609653,6,8,1.0000
11436609654,6,8,1.0000
11436609655,6,8,1.0000
11436610697,6,8,1.0000
11436610698,6,8,0.0000
11436610699,6,8,0.0000
11436610710,6,8,0.0000
11436610711,6,8,0.0000
11436610712,6,8,0.2500
11436610713,6,8,0.2500
11436610714,6,8,0.2500
11436610715,6,8,0.0000
11436610716,6,8,0.0000
11436610717,6,8,0.0000
11436610777,6,8,1.0000
11436610778,6,8,0.7500
11436610779,6,8,0.0000
11436610802,6,8,1.0000
11436610803,6,8,1.0000
11436610804,6,8,0.7500
11436610805,6,8,1.0000
11436610806,6,8,1.0000
11436610807,6,8,1.0000
11436610952,6,8,0.0000
11436610953,6,8,0.0000
11436610954,6,8,0.0000
11436610955,6,8,1.0000
11436610956,6,8,1.0000
11436610957,6,8,1.0000
11436610985,6,8,1.0000
11436610986,6,8,1.0000
11436610987,6,8,1.0000
11436611007,6,8,1.0000
11436611008,6,8,1.0000
11436611009,6,8,1.0000
11436611010,6,8,1.0000
11436611011,6,8,1.0000
11436611012,6,8,1.0000
11436611013,6,8,1.0000
11436611014,6,8,1.0000
11436611019,6,8,1.0000
11436611020,6,8,1.0000
11436611021,6,8,1.0000
11436611023,6,8,1.0000
11436611024,6,8,1.0000
11436611025,6,8,1.0000
11436611069,6,8,1.0000
11436611070,6,8,1.0000
11436611071,6,8,1.0000
11436611072,6,8,1.0000
11436611073,6,8,1.0000
11436611074,6,8,1.0000
11436611075,6,8,1.0000
11436611076,6,8,1.0000
11436611078,6,8,1.0000
11436611079,6,8,1.0000
11436611080,6,8,1.0000
11436611081,6,8,1.0000
11436611082,6,8,1.0000
11436611083,6,8,1.0000
11436611085,6,8,1.0000
11436611086,6,8,1.0000
11436611087,6,8,1.0000
11436611088,6,8,1.0000
11436611089,6,8,1.0000
11436611090,6,8,1.0000
11436611091,6,8,1.0000
11436611095,6,8,1.0000
11436611096,6,8,1.0000
11436611097,6,8,1.0000
11436611103,6,8,1.0000
11436611104,6,8,1.0000
11436611105,6,8,1.0000
11436611106,6,8,1.0000
11436611107,6,8,1.0000
11436611108,6,8,1.0000
11436611109,6,8,1.0000
11436611110,6,8,1.0000
11436611111,6,8,1.0000
11436611112,6,8,1.0000
11436611113,6,8,1.0000
11436611320,6,8,1.0000
11436611321,6,8,1.0000
11436611322,6,8,1.0000
11436611348,6,8,1.0000
11436611349,6,8,1.0000
11436611350,6,8,1.0000
11436611351,6,8,1.0000
11436611352,6,8,1.0000
11436611353,6,8,1.0000
11436611357,6,8,1.0000
11436611358,6,8,1.0000
11436611359,6,8,1.0000
11436611360,6,8,1.0000
11436611361,6,8,1.0000
11436611362,6,8,1.0000
11436611363,6,8,1.0000
11436611364,6,8,1.0000
11436611365,6,8,1.0000
11435810926,6,9,0.0000
11435810927,6,9,1.0000
11435810928,6,9,1.0000
11435810929,6,9,1.0000
11435810930,6,9,0.0000
11435810931,6,9,0.2500
11435811010,6,9,1.0000
11435811011,6,9,1.0000
11435811013,6,9,1.0000
11435811014,6,9,1.0000
11435811015,6,9,1.0000
11435811020,6,9,1.0000
11435811021,6,9,0.0000
11435811022,6,9,0.0000
11435989729,6,9,0.2500
11435989730,6,9,0.2500
11435989739,6,9,0.0000
11435989740,6,9,0.0000
11435989741,6,9,0.5000
11435989742,6,9,0.0000
11435989743,6,9,1.0000
11435989744,6,9,1.0000
11435989746,6,9,1.0000
11435989747,6,9,1.0000
11435989748,6,9,1.0000
11435989749,6,9,0.0000
11435989750,6,9,1.0000
11435989751,6,9,1.0000
11435996877,6,9,0.0000
11435996878,6,9,0.0000
11435996879,6,9,0.0000
11435996880,6,9,0.0000
11435996881,6,9,0.0000
11435996882,6,9,0.0000
11435996884,6,9,1.0000
11435996885,6,9,1.0000
11435996886,6,9,1.0000
11435996911,6,9,1.0000
11435996912,6,9,0.0000
11435996913,6,9,0.5000
11435996914,6,9,0.0000
11435996915,6,9,0.0000
11435996916,6,9,0.7500
11435996917,6,9,1.0000
11435996918,6,9,0.7500
11435996919,6,9,0.0000
11435996920,6,9,1.0000
11435996921,6,9,1.0000
11435996922,6,9,1.0000
11435996923,6,9,1.0000
11435996924,6,9,1.0000
11435996925,6,9,0.0000
11435996926,6,9,0.0000
11435996927,6,9,0.0000
11435996928,6,9,0.0000
11435996929,6,9,1.0000
11435996930,6,9,1.0000
11435996931,6,9,0.2500
11435996932,6,9,0.0000
11435996933,6,9,1.0000
11435996934,6,9,1.0000
11435996935,6,9,1.0000
11435996936,6,9,1.0000
11435996937,6,9,0.0000
11435996938,6,9,1.0000
11435996939,6,9,0.2500
11435996940,6,9,0.0000
11435996941,6,9,0.7500
11435996942,6,9,1.0000
11435996943,6,9,1.0000
11435996944,6,9,0.0000
11435996959,6,9,0.0000
11435996960,6,9,0.0000
11435996961,6,9,0.5000
11435996962,6,9,0.0000
11435996969,6,9,1.0000
11435996970,6,9,1.0000
11435996971,6,9,0.0000
11435996972,6,9,1.0000
11435996973,6,9,0.0000
11435996974,6,9,1.0000
11435996975,6,9,1.0000
11435996976,6,9,1.0000
11435997020,6,9,0.0000
11435997021,6,9,0.0000
11435997022,6,9,0.0000
11435997023,6,9,0.0000
11435997024,6,9,0.0000
11435997046,6,9,0.0000
11435997047,6,9,0.0000
11435997048,6,9,1.0000
11435997049,6,9,0.0000
11435997050,6,9,0.0000
11435997051,6,9,0.0000
11435997052,6,9,0.0000
11435997053,6,9,0.0000
11435997054,6,9,0.0000
11435997055,6,9,0.0000
11435997058,6,9,0.7500
11435997059,6,9,0.0000
11435997060,6,9,1.0000
11435997061,6,9,1.0000
11435997062,6,9,0.0000
11435997063,6,9,0.0000
11435997064,6,9,0.0000
11435997065,6,9,0.0000
11435997066,6,9,0.0000
11435997067,6,9,1.0000
11435997068,6,9,0.0000
11435997095,6,9,0.5000
11435997096,6,9,1.0000
11435997097,6,9,0.5000
11435997102,6,9,0.0000
11435997103,6,9,0.0000
11435997104,6,9,0.0000
11435997149,6,9,0.0000
11435997150,6,9,1.0000
11435997151,6,9,1.0000
11435997241,6,9,0.0000
11435997242,6,9,0.0000
11435997243,6,9,0.0000
11435997244,6,9,0.0000
11435997245,6,9,0.5000
11435997250,6,9,0.0000
11435997251,6,9,0.0000
11435997252,6,9,0.0000
11435997431,6,9,0.0000
11435997432,6,9,0.0000
11435997433,6,9,0.0000
11435997434,6,9,0.0000
11435997435,6,9,0.0000
11435997436,6,9,0.0000
11435997437,6,9,0.0000
11435997438,6,9,0.0000
11435997439,6,9,0.0000
11435997440,6,9,0.0000
11435997441,6,9,0.0000
11435997442,6,9,0.0000
11435997443,6,9,0.0000
11435997444,6,9,0.0000
11435997445,6,9,0.0000
11435997446,6,9,0.0000
11435997447,6,9,0.0000
11435997448,6,9,0.0000
11435997449,6,9,0.0000
11436260396,6,9,0.0000
11436260397,6,9,1.0000
11436260398,6,9,1.0000
11436260399,6,9,1.0000
11436266180,6,9,0.0000
11436266181,6,9,0.0000
11436266182,6,9,0.0000
11436266183,6,9,0.0000
11436266184,6,9,0.0000
11436266185,6,9,0.0000
11436266188,6,9,0.0000
11436266189,6,9,0.0000
11436266190,6,9,0.0000
11436266191,6,9,0.0000
11436266192,6,9,0.0000
11436266197,6,9,0.0000
11436266198,6,9,0.0000
11436266199,6,9,0.0000
11436266200,6,9,0.0000
11436266201,6,9,0.0000
11436266202,6,9,0.0000
11436266203,6,9,0.0000
11436266204,6,9,0.0000
11436266205,6,9,0.0000
11436266283,6,9,0.0000
11436266284,6,9,1.0000
11436266285,6,9,1.0000
11436266286,6,9,1.0000
11436266287,6,9,1.0000
11436266315,6,9,0.0000
11436266316,6,9,0.0000
11436266317,6,9,0.0000
11436266320,6,9,0.0000
11436266321,6,9,0.0000
11436266322,6,9,0.0000
11436266331,6,9,1.0000
11436266332,6,9,1.0000
11436266333,6,9,1.0000
11436266340,6,9,0.0000
11436266341,6,9,0.7500
11436266342,6,9,0.0000
11436266356,6,9,0.0000
11436266357,6,9,0.0000
11436266358,6,9,0.0000
11436266359,6,9,0.0000
11436266520,6,9,0.0000
11436266521,6,9,0.0000
11436266522,6,9,0.0000
11436266524,6,9,1.0000
11436266525,6,9,1.0000
11436266526,6,9,1.0000
11436266527,6,9,0.0000
11436266528,6,9,0.0000
11436266529,6,9,0.0000
11436266602,6,9,0.0000
11436266603,6,9,0.0000
11436266644,6,9,0.2500
11436266645,6,9,0.0000
11436266646,6,9,1.0000
11436266650,6,9,1.0000
11436266651,6,9,0.7500
11436266652,6,9,0.0000
11436266653,6,9,0.0000
11436266679,6,9,0.0000
11436266680,6,9,0.0000
11436266681,6,9,0.0000
11436266682,6,9,0.0000
11436266683,6,9,0.0000
11436266684,6,9,0.0000
11436266736,6,9,1.0000
11436266737,6,9,1.0000
11436266739,6,9,0.7500
11436266740,6,9,1.0000
11436266741,6,9,0.0000
11436266742,6,9,0.0000
11436266743,6,9,0.0000
11436266744,6,9,1.0000
11436266745,6,9,1.0000
11436266752,6,9,0.0000
11436266753,6,9,0.7500
11436266754,6,9,0.7500
11436266824,6,9,0.0000
11436266825,6,9,0.0000
11436266826,6,9,0.0000
11436266827,6,9,0.0000
11436266828,6,9,0.0000
11436266830,6,9,0.0000
11436266831,6,9,0.0000
11436266863,6,9,0.5000
11436266864,6,9,0.5000
11436266866,6,9,1.0000
11436266867,6,9,1.0000
11436266917,6,9,1.0000
11436266918,6,9,1.0000
11436266919,6,9,1.0000
11436266921,6,9,0.0000
11436266922,6,9,1.0000
11436266923,6,9,1.0000
11436266924,6,9,0.0000
11436266925,6,9,0.0000
11436266926,6,9,0.0000
11436266929,6,9,1.0000
11436266930,6,9,1.0000
11436266931,6,9,0.2500
11436266939,6,9,1.0000
11436266940,6,9,1.0000
11436266941,6,9,1.0000
11436267002,6,9,1.0000
11436267003,6,9,1.0000
11436267004,6,9,0.0000
11436267005,6,9,0.0000
11436267006,6,9,0.0000
11436267007,6,9,0.0000
11436267008,6,9,0.0000
11436267011,6,9,0.0000
11436267012,6,9,0.0000
11436267013,6,9,0.0000
11436267014,6,9,0.0000
11436267015,6,9,0.0000
11436267016,6,9,0.0000
11436596614,6,9,0.0000
11436596615,6,9,0.0000
11436596616,6,9,1.0000
11436596617,6,9,1.0000
11436609584,6,9,0.5000
11436609585,6,9,0.0000
11436609586,6,9,0.0000
11436609587,6,9,0.0000
11436609588,6,9,0.0000
11436609589,6,9,0.7500
11436609591,6,9,0.0000
11436609592,6,9,0.0000
11436609593,6,9,0.0000
11436609606,6,9,1.0000
11436609607,6,9,1.0000
11436609608,6,9,1.0000
11436609609,6,9,1.0000
11436609610,6,9,1.0000
11436609611,6,9,1.0000
11436609630,6,9,1.0000
11436609631,6,9,1.0000
11436609632,6,9,0.0000
11436609636,6,9,1.0000
11436609637,6,9,1.0000
11436609638,6,9,1.0000
11436609639,6,9,1.0000
11436609640,6,9,1.0000
11436609648,6,9,0.0000
11436609649,6,9,0.0000
11436609650,6,9,0.2500
11436609653,6,9,1.0000
11436609654,6,9,1.0000
11436609655,6,9,1.0000
11436610697,6,9,0.0000
11436610698,6,9,0.0000
11436610699,6,9,0.0000
11436610710,6,9,0.0000
11436610711,6,9,0.0000
11436610712,6,9,0.0000
11436610713,6,9,0.0000
11436610714,6,9,0.0000
11436610715,6,9,0.0000
11436610716,6,9,0.0000
11436610717,6,9,0.0000
11436610777,6,9,0.0000
11436610778,6,9,0.0000
11436610779,6,9,0.0000
11436610802,6,9,1.0000
11436610803,6,9,1.0000
11436610804,6,9,1.0000
11436610805,6,9,1.0000
11436610806,6,9,1.0000
11436610807,6,9,1.0000
11436610952,6,9,0.7500
11436610953,6,9,1.0000
11436610954,6,9,1.0000
11436610955,6,9,0.7500
11436610956,6,9,1.0000
11436610957,6,9,1.0000
11436610985,6,9,1.0000
11436610986,6,9,1.0000
11436610987,6,9,1.0000
11436611007,6,9,1.0000
11436611008,6,9,1.0000
11436611009,6,9,1.0000
11436611010,6,9,1.0000
11436611011,6,9,0.7500
11436611012,6,9,1.0000
11436611013,6,9,1.0000
11436611014,6,9,1.0000
11436611019,6,9,1.0000
11436611020,6,9,0.7500
11436611021,6,9,1.0000
11436611023,6,9,1.0000
11436611024,6,9,1.0000
11436611025,6,9,1.0000
11436611069,6,9,0.2500
11436611070,6,9,1.0000
11436611071,6,9,1.0000
11436611072,6,9,1.0000
11436611073,6,9,1.0000
11436611074,6,9,1.0000
11436611075,6,9,1.0000
11436611076,6,9,1.0000
11436611078,6,9,1.0000
11436611079,6,9,1.0000
11436611080,6,9,1.0000
11436611081,6,9,1.0000
11436611082,6,9,1.0000
11436611083,6,9,1.0000
11436611085,6,9,0.5000
11436611086,6,9,1.0000
11436611087,6,9,1.0000
11436611088,6,9,1.0000
11436611089,6,9,0.2500
11436611090,6,9,0.7500
11436611091,6,9,1.0000
11436611095,6,9,0.7500
11436611096,6,9,0.0000
11436611097,6,9,0.0000
11436611103,6,9,0.7500
11436611104,6,9,1.0000
11436611105,6,9,1.0000
11436611106,6,9,0.5000
11436611107,6,9,0.5000
11436611108,6,9,0.2500
11436611109,6,9,1.0000
11436611110,6,9,1.0000
11436611111,6,9,1.0000
11436611112,6,9,1.0000
11436611113,6,9,1.0000
11436611320,6,9,1.0000
11436611321,6,9,1.0000
11436611322,6,9,1.0000
11436611348,6,9,1.0000
11436611349,6,9,1.0000
11436611350,6,9,1.0000
11436611351,6,9,1.0000
11436611352,6,9,1.0000
11436611353,6,9,1.0000
11436611357,6,9,1.0000
11436611358,6,9,1.0000
11436611359,6,9,1.0000
11436611360,6,9,1.0000
11436611361,6,9,1.0000
11436611362,6,9,1.0000
11436611363,6,9,1.0000
11436611364,6,9,1.0000
11436611365,6,9,1.0000
11435810926,6,10,0.0000
11435810927,6,10,0.2500
11435810928,6,10,1.0000
11435810929,6,10,1.0000
11435810930,6,10,1.0000
11435810931,6,10,0.0000
11435811010,6,10,1.0000
11435811011,6,10,1.0000
11435811013,6,10,1.0000
11435811014,6,10,1.0000
11435811015,6,10,1.0000
11435811020,6,10,0.0000
11435811021,6,10,0.0000
11435811022,6,10,0.0000
11435989729,6,10,1.0000
11435989730,6,10,1.0000
11435989739,6,10,0.0000
11435989740,6,10,0.0000
11435989741,6,10,1.0000
11435989742,6,10,0.0000
11435989743,6,10,0.7500
11435989744,6,10,1.0000
11435989746,6,10,1.0000
11435989747,6,10,1.0000
11435989748,6,10,1.0000
11435989749,6,10,1.0000
11435989750,6,10,1.0000
11435989751,6,10,0.0000
11435996877,6,10,0.0000
11435996878,6,10,0.0000
11435996879,6,10,0.0000
11435996880,6,10,0.0000
11435996881,6,10,0.0000
11435996882,6,10,1.0000
11435996884,6,10,0.2500
11435996885,6,10,1.0000
11435996886,6,10,1.0000
11435996911,6,10,1.0000
11435996912,6,10,1.0000
11435996913,6,10,1.0000
11435996914,6,10,0.7500
11435996915,6,10,0.0000
11435996916,6,10,0.0000
11435996917,6,10,0.0000
11435996918,6,10,0.2500
11435996919,6,10,1.0000
11435996920,6,10,1.0000
11435996921,6,10,1.0000
11435996922,6,10,1.0000
11435996923,6,10,1.0000
11435996924,6,10,0.0000
11435996925,6,10,0.0000
11435996926,6,10,0.0000
11435996927,6,10,0.0000
11435996928,6,10,1.0000
11435996929,6,10,1.0000
11435996930,6,10,1.0000
11435996931,6,10,1.0000
11435996932,6,10,1.0000
11435996933,6,10,0.2500
11435996934,6,10,0.0000
11435996935,6,10,0.0000
11435996936,6,10,1.0000
11435996937,6,10,0.0000
11435996938,6,10,1.0000
11435996939,6,10,1.0000
11435996940,6,10,0.0000
11435996941,6,10,1.0000
11435996942,6,10,1.0000
11435996943,6,10,1.0000
11435996944,6,10,0.0000
11435996959,6,10,0.0000
11435996960,6,10,0.7500
11435996961,6,10,1.0000
11435996962,6,10,1.0000
11435996969,6,10,0.0000
11435996970,6,10,0.0000
11435996971,6,10,0.0000
11435996972,6,10,0.7500
11435996973,6,10,1.0000
11435996974,6,10,1.0000
11435996975,6,10,1.0000
11435996976,6,10,1.0000
11435997020,6,10,0.0000
11435997021,6,10,0.0000
11435997022,6,10,0.0000
11435997023,6,10,0.0000
11435997024,6,10,0.0000
11435997046,6,10,0.0000
11435997047,6,10,0.0000
11435997048,6,10,1.0000
11435997049,6,10,0.0000
11435997050,6,10,0.0000
11435997051,6,10,0.0000
11435997052,6,10,0.0000
11435997053,6,10,0.0000
11435997054,6,10,0.0000
11435997055,6,10,0.0000
11435997058,6,10,0.0000
11435997059,6,10,0.0000
11435997060,6,10,1.0000
11435997061,6,10,0.0000
11435997062,6,10,0.0000
11435997063,6,10,0.0000
11435997064,6,10,0.0000
11435997065,6,10,0.0000
11435997066,6,10,0.0000
11435997067,6,10,0.0000
11435997068,6,10,0.0000
11435997095,6,10,0.0000
11435997096,6,10,0.0000
11435997097,6,10,0.0000
11435997102,6,10,0.5000
11435997103,6,10,0.0000
11435997104,6,10,0.0000
11435997149,6,10,0.0000
11435997150,6,10,0.0000
11435997151,6,10,1.0000
11435997241,6,10,1.0000
11435997242,6,10,1.0000
11435997243,6,10,1.0000
11435997244,6,10,0.0000
11435997245,6,10,0.0000
11435997250,6,10,0.0000
11435997251,6,10,0.0000
11435997252,6,10,0.0000
11435997431,6,10,0.0000
11435997432,6,10,0.0000
11435997433,6,10,0.0000
11435997434,6,10,0.0000
11435997435,6,10,0.0000
11435997436,6,10,0.0000
11435997437,6,10,0.0000
11435997438,6,10,0.0000
11435997439,6,10,0.0000
11435997440,6,10,0.0000
11435997441,6,10,0.0000
11435997442,6,10,0.0000
11435997443,6,10,0.0000
11435997444,6,10,0.0000
11435997445,6,10,0.0000
11435997446,6,10,0.0000
11435997447,6,10,0.0000
11435997448,6,10,0.0000
11435997449,6,10,0.0000
11436260396,6,10,0.0000
11436260397,6,10,1.0000
11436260398,6,10,1.0000
11436260399,6,10,1.0000
11436266180,6,10,0.0000
11436266181,6,10,0.0000
11436266182,6,10,0.0000
11436266183,6,10,0.0000
11436266184,6,10,0.0000
11436266185,6,10,0.0000
11436266188,6,10,0.0000
11436266189,6,10,0.0000
11436266190,6,10,0.0000
11436266191,6,10,0.0000
11436266192,6,10,0.0000
11436266197,6,10,0.0000
11436266198,6,10,0.0000
11436266199,6,10,0.0000
11436266200,6,10,0.0000
11436266201,6,10,0.0000
11436266202,6,10,0.0000
11436266203,6,10,0.0000
11436266204,6,10,0.0000
11436266205,6,10,0.0000
11436266283,6,10,0.0000
11436266284,6,10,1.0000
11436266285,6,10,1.0000
11436266286,6,10,0.2500
11436266287,6,10,0.0000
11436266315,6,10,0.0000
11436266316,6,10,0.0000
11436266317,6,10,0.0000
11436266320,6,10,0.0000
11436266321,6,10,0.0000
11436266322,6,10,0.0000
11436266331,6,10,1.0000
11436266332,6,10,1.0000
11436266333,6,10,1.0000
11436266340,6,10,1.0000
11436266341,6,10,1.0000
11436266342,6,10,0.0000
11436266356,6,10,0.0000
11436266357,6,10,0.0000
11436266358,6,10,0.0000
11436266359,6,10,0.0000
11436266520,6,10,0.0000
11436266521,6,10,0.0000
11436266522,6,10,0.0000
11436266524,6,10,1.0000
11436266525,6,10,1.0000
11436266526,6,10,1.0000
11436266527,6,10,0.0000
11436266528,6,10,0.0000
11436266529,6,10,1.0000
11436266602,6,10,0.0000
11436266603,6,10,0.0000
11436266644,6,10,1.0000
11436266645,6,10,0.7500
11436266646,6,10,0.0000
11436266650,6,10,0.0000
11436266651,6,10,0.0000
11436266652,6,10,0.0000
11436266653,6,10,0.0000
11436266679,6,10,0.0000
11436266680,6,10,0.0000
11436266681,6,10,0.0000
11436266682,6,10,0.0000
11436266683,6,10,0.0000
11436266684,6,10,0.0000
11436266736,6,10,1.0000
11436266737,6,10,0.0000
11436266739,6,10,1.0000
11436266740,6,10,1.0000
11436266741,6,10,1.0000
11436266742,6,10,1.0000
11436266743,6,10,0.0000
11436266744,6,10,0.0000
11436266745,6,10,0.0000
11436266752,6,10,0.0000
11436266753,6,10,0.0000
11436266754,6,10,1.0000
11436266824,6,10,0.0000
11436266825,6,10,0.0000
11436266826,6,10,0.0000
11436266827,6,10,0.0000
11436266828,6,10,0.0000
11436266830,6,10,0.0000
11436266831,6,10,0.0000
11436266863,6,10,0.0000
11436266864,6,10,0.0000
11436266866,6,10,1.0000
11436266867,6,10,1.0000
11436266917,6,10,1.0000
11436266918,6,10,1.0000
11436266919,6,10,1.0000
11436266921,6,10,0.0000
11436266922,6,10,0.0000
11436266923,6,10,1.0000
11436266924,6,10,0.0000
11436266925,6,10,0.0000
11436266926,6,10,0.0000
11436266929,6,10,1.0000
11436266930,6,10,1.0000
11436266931,6,10,1.0000
11436266939,6,10,0.0000
11436266940,6,10,0.0000
11436266941,6,10,0.0000
11436267002,6,10,1.0000
11436267003,6,10,0.7500
11436267004,6,10,0.0000
11436267005,6,10,0.7500
11436267006,6,10,0.0000
11436267007,6,10,0.0000
11436267008,6,10,1.0000
11436267011,6,10,0.0000
11436267012,6,10,0.0000
11436267013,6,10,0.0000
11436267014,6,10,0.0000
11436267015,6,10,0.0000
11436267016,6,10,0.0000
11436596614,6,10,0.0000
11436596615,6,10,0.0000
11436596616,6,10,0.0000
11436596617,6,10,0.0000
11436609584,6,10,1.0000
11436609585,6,10,1.0000
11436609586,6,10,1.0000
11436609587,6,10,0.0000
11436609588,6,10,1.0000
11436609589,6,10,1.0000
11436609591,6,10,0.0000
11436609592,6,10,0.0000
11436609593,6,10,0.0000
11436609606,6,10,1.0000
11436609607,6,10,0.0000
11436609608,6,10,0.2500
11436609609,6,10,0.5000
11436609610,6,10,0.7500
11436609611,6,10,1.0000
11436609630,6,10,0.0000
11436609631,6,10,0.0000
11436609632,6,10,0.0000
11436609636,6,10,1.0000
11436609637,6,10,0.0000
11436609638,6,10,0.0000
11436609639,6,10,1.0000
11436609640,6,10,1.0000
11436609648,6,10,0.5000
11436609649,6,10,0.0000
11436609650,6,10,0.0000
11436609653,6,10,1.0000
11436609654,6,10,1.0000
11436609655,6,10,1.0000
11436610697,6,10,1.0000
11436610698,6,10,0.5000
11436610699,6,10,0.0000
11436610710,6,10,0.0000
11436610711,6,10,0.0000
11436610712,6,10,0.0000
11436610713,6,10,0.0000
11436610714,6,10,0.0000
11436610715,6,10,0.0000
11436610716,6,10,0.0000
11436610717,6,10,0.0000
11436610777,6,10,0.0000
11436610778,6,10,0.7500
11436610779,6,10,0.0000
11436610802,6,10,0.0000
11436610803,6,10,0.0000
11436610804,6,10,0.0000
11436610805,6,10,0.0000
11436610806,6,10,0.5000
11436610807,6,10,1.0000
11436610952,6,10,0.0000
11436610953,6,10,0.0000
11436610954,6,10,0.0000
11436610955,6,10,0.0000
11436610956,6,10,0.0000
11436610957,6,10,0.0000
11436610985,6,10,1.0000
11436610986,6,10,1.0000
11436610987,6,10,1.0000
11436611007,6,10,1.0000
11436611008,6,10,1.0000
11436611009,6,10,1.0000
11436611010,6,10,1.0000
11436611011,6,10,1.0000
11436611012,6,10,1.0000
11436611013,6,10,1.0000
11436611014,6,10,1.0000
11436611019,6,10,1.0000
11436611020,6,10,1.0000
11436611021,6,10,1.0000
11436611023,6,10,0.5000
11436611024,6,10,1.0000
11436611025,6,10,1.0000
11436611069,6,10,1.0000
11436611070,6,10,1.0000
11436611071,6,10,1.0000
11436611072,6,10,1.0000
11436611073,6,10,1.0000
11436611074,6,10,0.7500
11436611075,6,10,1.0000
11436611076,6,10,1.0000
11436611078,6,10,0.0000
11436611079,6,10,0.0000
11436611080,6,10,1.0000
11436611081,6,10,1.0000
11436611082,6,10,1.0000
11436611083,6,10,0.0000
11436611085,6,10,0.0000
11436611086,6,10,0.0000
11436611087,6,10,0.0000
11436611088,6,10,0.0000
11436611089,6,10,0.0000
11436611090,6,10,0.0000
11436611091,6,10,0.0000
11436611095,6,10,0.0000
11436611096,6,10,0.0000
11436611097,6,10,0.0000
11436611103,6,10,0.0000
11436611104,6,10,0.0000
11436611105,6,10,0.0000
11436611106,6,10,0.7500
11436611107,6,10,1.0000
11436611108,6,10,1.0000
11436611109,6,10,1.0000
11436611110,6,10,1.0000
11436611111,6,10,1.0000
11436611112,6,10,1.0000
11436611113,6,10,0.5000
11436611320,6,10,1.0000
11436611321,6,10,1.0000
11436611322,6,10,1.0000
11436611348,6,10,1.0000
11436611349,6,10,1.0000
11436611350,6,10,1.0000
11436611351,6,10,1.0000
11436611352,6,10,1.0000
11436611353,6,10,1.0000
11436611357,6,10,1.0000
11436611358,6,10,1.0000
11436611359,6,10,1.0000
11436611360,6,10,1.0000
11436611361,6,10,1.0000
11436611362,6,10,1.0000
11436611363,6,10,1.0000
11436611364,6,10,1.0000
11436611365,6,10,1.0000
11435810926,6,11,0.0000
11435810927,6,11,0.0000
11435810928,6,11,0.5000
11435810929,6,11,1.0000
11435810930,6,11,1.0000
11435810931,6,11,0.0000
11435811010,6,11,1.0000
11435811011,6,11,1.0000
11435811013,6,11,1.0000
11435811014,6,11,1.0000
11435811015,6,11,1.0000
11435811020,6,11,0.0000
11435811021,6,11,0.0000
11435811022,6,11,0.0000
11435989729,6,11,1.0000
11435989730,6,11,1.0000
11435989739,6,11,1.0000
11435989740,6,11,0.0000
11435989741,6,11,1.0000
11435989742,6,11,0.0000
11435989743,6,11,0.0000
11435989744,6,11,1.0000
11435989746,6,11,1.0000
11435989747,6,11,1.0000
11435989748,6,11,0.2500
11435989749,6,11,1.0000
11435989750,6,11,0.0000
11435989751,6,11,1.0000
11435996877,6,11,0.0000
11435996878,6,11,0.0000
11435996879,6,11,0.0000
11435996880,6,11,0.0000
11435996881,6,11,1.0000
11435996882,6,11,1.0000
11435996884,6,11,0.0000
11435996885,6,11,0.0000
11435996886,6,11,1.0000
11435996911,6,11,1.0000
11435996912,6,11,1.0000
11435996913,6,11,0.0000
11435996914,6,11,1.0000
11435996915,6,11,0.0000
11435996916,6,11,0.0000
11435996917,6,11,0.7500
11435996918,6,11,0.0000
11435996919,6,11,1.0000
11435996920,6,11,1.0000
11435996921,6,11,1.0000
11435996922,6,11,1.0000
11435996923,6,11,1.0000
11435996924,6,11,0.0000
11435996925,6,11,0.0000
11435996926,6,11,0.0000
11435996927,6,11,1.0000
11435996928,6,11,1.0000
11435996929,6,11,1.0000
11435996930,6,11,1.0000
11435996931,6,11,1.0000
11435996932,6,11,1.0000
11435996933,6,11,1.0000
11435996934,6,11,1.0000
11435996935,6,11,0.7500
11435996936,6,11,0.2500
11435996937,6,11,1.0000
11435996938,6,11,0.7500
11435996939,6,11,1.0000
11435996940,6,11,0.0000
11435996941,6,11,0.5000
11435996942,6,11,1.0000
11435996943,6,11,1.0000
11435996944,6,11,0.0000
11435996959,6,11,1.0000
11435996960,6,11,1.0000
11435996961,6,11,1.0000
11435996962,6,11,1.0000
11435996969,6,11,0.0000
11435996970,6,11,0.0000
11435996971,6,11,0.0000
11435996972,6,11,0.0000
11435996973,6,11,1.0000
11435996974,6,11,0.5000
11435996975,6,11,0.0000
11435996976,6,11,0.0000
11435997020,6,11,0.0000
11435997021,6,11,0.0000
11435997022,6,11,0.0000
11435997023,6,11,0.0000
11435997024,6,11,1.0000
11435997046,6,11,1.0000
11435997047,6,11,0.0000
11435997048,6,11,0.0000
11435997049,6,11,0.0000
11435997050,6,11,0.0000
11435997051,6,11,0.0000
11435997052,6,11,0.5000
11435997053,6,11,0.0000
11435997054,6,11,0.0000
11435997055,6,11,0.0000
11435997058,6,11,0.0000
11435997059,6,11,0.0000
11435997060,6,11,0.0000
11435997061,6,11,0.0000
11435997062,6,11,0.0000
11435997063,6,11,0.0000
11435997064,6,11,0.0000
11435997065,6,11,0.0000
11435997066,6,11,0.0000
11435997067,6,11,0.0000
11435997068,6,11,0.0000
11435997095,6,11,0.0000
11435997096,6,11,0.0000
11435997097,6,11,0.0000
11435997102,6,11,1.0000
11435997103,6,11,0.0000
11435997104,6,11,0.0000
11435997149,6,11,0.0000
11435997150,6,11,0.0000
11435997151,6,11,0.2500
11435997241,6,11,1.0000
11435997242,6,11,1.0000
11435997243,6,11,1.0000
11435997244,6,11,1.0000
11435997245,6,11,0.2500
11435997250,6,11,1.0000
11435997251,6,11,1.0000
11435997252,6,11,0.0000
11435997431,6,11,0.0000
11435997432,6,11,0.0000
11435997433,6,11,0.0000
11435997434,6,11,0.0000
11435997435,6,11,0.0000
11435997436,6,11,0.0000
11435997437,6,11,0.0000
11435997438,6,11,0.0000
11435997439,6,11,0.0000
11435997440,6,11,0.0000
11435997441,6,11,0.0000
11435997442,6,11,0.0000
11435997443,6,11,0.0000
11435997444,6,11,0.0000
11435997445,6,11,0.0000
11435997446,6,11,0.0000
11435997447,6,11,0.0000
11435997448,6,11,0.0000
11435997449,6,11,0.0000
11436260396,6,11,0.0000
11436260397,6,11,0.0000
11436260398,6,11,0.0000
11436260399,6,11,1.0000
11436266180,6,11,0.0000
11436266181,6,11,0.0000
11436266182,6,11,0.0000
11436266183,6,11,0.0000
11436266184,6,11,0.0000
11436266185,6,11,0.0000
11436266188,6,11,0.0000
11436266189,6,11,0.0000
11436266190,6,11,0.0000
11436266191,6,11,0.0000
11436266192,6,11,0.0000
11436266197,6,11,0.0000
11436266198,6,11,0.0000
11436266199,6,11,0.0000
11436266200,6,11,0.0000
11436266201,6,11,0.0000
11436266202,6,11,0.0000
11436266203,6,11,0.0000
11436266204,6,11,0.0000
11436266205,6,11,0.0000
11436266283,6,11,0.0000
11436266284,6,11,0.0000
11436266285,6,11,0.0000
11436266286,6,11,0.0000
11436266287,6,11,1.0000
11436266315,6,11,0.0000
11436266316,6,11,0.0000
11436266317,6,11,0.0000
11436266320,6,11,0.0000
11436266321,6,11,0.0000
11436266322,6,11,0.0000
11436266331,6,11,1.0000
11436266332,6,11,1.0000
11436266333,6,11,1.0000
11436266340,6,11,1.0000
11436266341,6,11,1.0000
11436266342,6,11,0.0000
11436266356,6,11,0.0000
11436266357,6,11,0.0000
11436266358,6,11,0.0000
11436266359,6,11,0.0000
11436266520,6,11,0.0000
11436266521,6,11,0.0000
11436266522,6,11,0.0000
11436266524,6,11,1.0000
11436266525,6,11,1.0000
11436266526,6,11,1.0000
11436266527,6,11,0.0000
11436266528,6,11,1.0000
11436266529,6,11,1.0000
11436266602,6,11,0.0000
11436266603,6,11,0.0000
11436266644,6,11,1.0000
11436266645,6,11,0.0000
11436266646,6,11,0.0000
11436266650,6,11,1.0000
11436266651,6,11,0.7500
11436266652,6,11,1.0000
11436266653,6,11,0.0000
11436266679,6,11,0.0000
11436266680,6,11,0.0000
11436266681,6,11,0.0000
11436266682,6,11,0.0000
11436266683,6,11,0.0000
11436266684,6,11,0.0000
11436266736,6,11,1.0000
11436266737,6,11,1.0000
11436266739,6,11,1.0000
11436266740,6,11,0.5000
11436266741,6,11,1.0000
11436266742,6,11,1.0000
11436266743,6,11,0.0000
11436266744,6,11,0.0000
11436266745,6,11,0.0000
11436266752,6,11,0.0000
11436266753,6,11,0.0000
11436266754,6,11,0.0000
11436266824,6,11,0.0000
11436266825,6,11,0.0000
11436266826,6,11,0.0000
11436266827,6,11,0.0000
11436266828,6,11,0.0000
11436266830,6,11,0.0000
11436266831,6,11,0.0000
11436266863,6,11,0.0000
11436266864,6,11,0.0000
11436266866,6,11,0.0000
11436266867,6,11,1.0000
11436266917,6,11,1.0000
11436266918,6,11,1.0000
11436266919,6,11,1.0000
11436266921,6,11,0.0000
11436266922,6,11,0.0000
11436266923,6,11,0.0000
11436266924,6,11,0.0000
11436266925,6,11,0.0000
11436266926,6,11,0.0000
11436266929,6,11,0.5000
11436266930,6,11,0.2500
11436266931,6,11,1.0000
11436266939,6,11,0.0000
11436266940,6,11,0.0000
11436266941,6,11,0.0000
11436267002,6,11,1.0000
11436267003,6,11,1.0000
11436267004,6,11,1.0000
11436267005,6,11,1.0000
11436267006,6,11,1.0000
11436267007,6,11,0.0000
11436267008,6,11,1.0000
11436267011,6,11,0.0000
11436267012,6,11,0.0000
11436267013,6,11,0.0000
11436267014,6,11,0.0000
11436267015,6,11,0.0000
11436267016,6,11,0.0000
11436596614,6,11,0.0000
11436596615,6,11,0.0000
11436596616,6,11,0.0000
11436596617,6,11,0.0000
11436609584,6,11,1.0000
11436609585,6,11,1.0000
11436609586,6,11,1.0000
11436609587,6,11,0.0000
11436609588,6,11,1.0000
11436609589,6,11,1.0000
11436609591,6,11,0.0000
11436609592,6,11,0.0000
11436609593,6,11,0.0000
11436609606,6,11,1.0000
11436609607,6,11,1.0000
11436609608,6,11,0.0000
11436609609,6,11,0.0000
11436609610,6,11,0.0000
11436609611,6,11,0.0000
11436609630,6,11,0.0000
11436609631,6,11,0.0000
11436609632,6,11,0.0000
11436609636,6,11,0.0000
11436609637,6,11,0.0000
11436609638,6,11,0.0000
11436609639,6,11,1.0000
11436609640,6,11,1.0000
11436609648,6,11,0.2500
11436609649,6,11,1.0000
11436609650,6,11,0.0000
11436609653,6,11,1.0000
11436609654,6,11,1.0000
11436609655,6,11,0.2500
11436610697,6,11,1.0000
11436610698,6,11,1.0000
11436610699,6,11,1.0000
11436610710,6,11,0.0000
11436610711,6,11,0.0000
11436610712,6,11,0.0000
11436610713,6,11,0.0000
11436610714,6,11,0.0000
11436610715,6,11,0.0000
11436610716,6,11,0.0000
11436610717,6,11,0.5000
11436610777,6,11,1.0000
11436610778,6,11,1.0000
11436610779,6,11,0.0000
11436610802,6,11,0.0000
11436610803,6,11,0.0000
11436610804,6,11,0.0000
11436610805,6,11,0.0000
11436610806,6,11,0.0000
11436610807,6,11,0.0000
11436610952,6,11,0.0000
11436610953,6,11,0.0000
11436610954,6,11,0.0000
11436610955,6,11,1.0000
11436610956,6,11,0.0000
11436610957,6,11,0.0000
11436610985,6,11,1.0000
11436610986,6,11,0.2500
11436610987,6,11,0.0000
11436611007,6,11,0.0000
11436611008,6,11,0.7500
11436611009,6,11,1.0000
11436611010,6,11,1.0000
11436611011,6,11,1.0000
11436611012,6,11,1.0000
11436611013,6,11,1.0000
11436611014,6,11,1.0000
11436611019,6,11,1.0000
11436611020,6,11,1.0000
11436611021,6,11,0.5000
11436611023,6,11,1.0000
11436611024,6,11,1.0000
11436611025,6,11,1.0000
11436611069,6,11,0.5000
11436611070,6,11,1.0000
11436611071,6,11,1.0000
11436611072,6,11,1.0000
11436611073,6,11,1.0000
11436611074,6,11,1.0000
11436611075,6,11,0.2500
11436611076,6,11,0.0000
11436611078,6,11,0.0000
11436611079,6,11,0.0000
11436611080,6,11,1.0000
11436611081,6,11,1.0000
11436611082,6,11,0.0000
11436611083,6,11,0.0000
11436611085,6,11,0.0000
11436611086,6,11,0.0000
11436611087,6,11,0.0000
11436611088,6,11,0.0000
11436611089,6,11,0.0000
11436611090,6,11,0.0000
11436611091,6,11,0.0000
11436611095,6,11,0.0000
11436611096,6,11,0.0000
11436611097,6,11,0.0000
11436611103,6,11,0.0000
11436611104,6,11,0.0000
11436611105,6,11,0.0000
11436611106,6,11,0.0000
11436611107,6,11,0.0000
11436611108,6,11,0.0000
11436611109,6,11,0.0000
11436611110,6,11,0.0000
11436611111,6,11,0.0000
11436611112,6,11,0.0000
11436611113,6,11,0.0000
11436611320,6,11,0.7500
11436611321,6,11,0.5000
11436611322,6,11,0.5000
11436611348,6,11,0.0000
11436611349,6,11,0.0000
11436611350,6,11,0.0000
11436611351,6,11,0.0000
11436611352,6,11,0.2500
11436611353,6,11,0.5000
11436611357,6,11,1.0000
11436611358,6,11,1.0000
11436611359,6,11,1.0000
11436611360,6,11,1.0000
11436611361,6,11,1.0000
11436611362,6,11,1.0000
11436611363,6,11,1.0000
11436611364,6,11,0.7500
11436611365,6,11,1.0000
11435810926,9,7,1.0000
11435810927,9,7,1.0000
11435810928,9,7,1.0000
11435810929,9,7,1.0000
11435810930,9,7,1.0000
11435810931,9,7,1.0000
11435811010,9,7,1.0000
11435811011,9,7,1.0000
11435811013,9,7,1.0000
11435811014,9,7,1.0000
11435811015,9,7,1.0000
11435811020,9,7,1.0000
11435811021,9,7,1.0000
11435811022,9,7,1.0000
11435989729,9,7,1.0000
11435989730,9,7,1.0000
11435989739,9,7,0.7500
11435989740,9,7,1.0000
11435989741,9,7,1.0000
11435989742,9,7,0.7500
11435989743,9,7,1.0000
11435989744,9,7,1.0000
11435989746,9,7,1.0000
11435989747,9,7,1.0000
11435989748,9,7,1.0000
11435989749,9,7,1.0000
11435989750,9,7,1.0000
11435989751,9,7,0.7500
11435996877,9,7,1.0000
11435996878,9,7,1.0000
11435996879,9,7,1.0000
11435996880,9,7,1.0000
11435996881,9,7,1.0000
11435996882,9,7,1.0000
11435996884,9,7,1.0000
11435996885,9,7,1.0000
11435996886,9,7,1.0000
11435996911,9,7,1.0000
11435996912,9,7,1.0000
11435996913,9,7,1.0000
11435996914,9,7,1.0000
11435996915,9,7,1.0000
11435996916,9,7,1.0000
11435996917,9,7,1.0000
11435996918,9,7,1.0000
11435996919,9,7,1.0000
11435996920,9,7,1.0000
11435996921,9,7,1.0000
11435996922,9,7,1.0000
11435996923,9,7,1.0000
11435996924,9,7,1.0000
11435996925,9,7,1.0000
11435996926,9,7,1.0000
11435996927,9,7,1.0000
11435996928,9,7,1.0000
11435996929,9,7,1.0000
11435996930,9,7,1.0000
11435996931,9,7,1.0000
11435996932,9,7,1.0000
11435996933,9,7,1.0000
11435996934,9,7,1.0000
11435996935,9,7,1.0000
11435996936,9,7,1.0000
11435996937,9,7,1.0000
11435996938,9,7,1.0000
11435996939,9,7,1.0000
11435996940,9,7,1.0000
11435996941,9,7,1.0000
11435996942,9,7,1.0000
11435996943,9,7,1.0000
11435996944,9,7,1.0000
11435996959,9,7,1.0000
11435996960,9,7,1.0000
11435996961,9,7,1.0000
11435996962,9,7,1.0000
11435996969,9,7,1.0000
11435996970,9,7,1.0000
11435996971,9,7,1.0000
11435996972,9,7,1.0000
11435996973,9,7,1.0000
11435996974,9,7,1.0000
11435996975,9,7,1.0000
11435996976,9,7,1.0000
11435997020,9,7,1.0000
11435997021,9,7,1.0000
11435997022,9,7,1.0000
11435997023,9,7,1.0000
11435997024,9,7,1.0000
11435997046,9,7,1.0000
11435997047,9,7,1.0000
11435997048,9,7,1.0000
11435997049,9,7,1.0000
11435997050,9,7,1.0000
11435997051,9,7,1.0000
11435997052,9,7,1.0000
11435997053,9,7,1.0000
11435997054,9,7,1.0000
11435997055,9,7,1.0000
11435997058,9,7,1.0000
11435997059,9,7,1.0000
11435997060,9,7,1.0000
11435997061,9,7,1.0000
11435997062,9,7,1.0000
11435997063,9,7,1.0000
11435997064,9,7,1.0000
11435997065,9,7,1.0000
11435997066,9,7,1.0000
11435997067,9,7,1.0000
11435997068,9,7,1.0000
11435997095,9,7,1.0000
11435997096,9,7,1.0000
11435997097,9,7,1.0000
11435997102,9,7,1.0000
11435997103,9,7,1.0000
11435997104,9,7,1.0000
11435997149,9,7,1.0000
11435997150,9,7,1.0000
11435997151,9,7,1.0000
11435997241,9,7,1.0000
11435997242,9,7,1.0000
11435997243,9,7,1.0000
11435997244,9,7,1.0000
11435997245,9,7,1.0000
11435997250,9,7,1.0000
11435997251,9,7,1.0000
11435997252,9,7,1.0000
11435997431,9,7,1.0000
11435997432,9,7,1.0000
11435997433,9,7,1.0000
11435997434,9,7,1.0000
11435997435,9,7,1.0000
11435997436,9,7,1.0000
11435997437,9,7,1.0000
11435997438,9,7,1.0000
11435997439,9,7,1.0000
11435997440,9,7,1.0000
11435997441,9,7,1.0000
11435997442,9,7,1.0000
11435997443,9,7,1.0000
11435997444,9,7,1.0000
11435997445,9,7,1.0000
11435997446,9,7,1.0000
11435997447,9,7,1.0000
11435997448,9,7,1.0000
11435997449,9,7,1.0000
11436260396,9,7,1.0000
11436260397,9,7,1.0000
11436260398,9,7,1.0000
11436260399,9,7,1.0000
11436266180,9,7,1.0000
11436266181,9,7,1.0000
11436266182,9,7,1.0000
11436266183,9,7,1.0000
11436266184,9,7,1.0000
11436266185,9,7,1.0000
11436266188,9,7,1.0000
11436266189,9,7,1.0000
11436266190,9,7,1.0000
11436266191,9,7,1.0000
11436266192,9,7,1.0000
11436266197,9,7,1.0000
11436266198,9,7,1.0000
11436266199,9,7,1.0000
11436266200,9,7,1.0000
11436266201,9,7,1.0000
11436266202,9,7,1.0000
11436266203,9,7,1.0000
11436266204,9,7,1.0000
11436266205,9,7,1.0000
11436266283,9,7,1.0000
11436266284,9,7,1.0000
11436266285,9,7,1.0000
11436266286,9,7,1.0000
11436266287,9,7,1.0000
11436266315,9,7,1.0000
11436266316,9,7,1.0000
11436266317,9,7,1.0000
11436266320,9,7,1.0000
11436266321,9,7,1.0000
11436266322,9,7,1.0000
11436266331,9,7,1.0000
11436266332,9,7,1.0000
11436266333,9,7,1.0000
11436266340,9,7,1.0000
11436266341,9,7,1.0000
11436266342,9,7,1.0000
11436266356,9,7,1.0000
11436266357,9,7,1.0000
11436266358,9,7,1.0000
11436266359,9,7,1.0000
11436266520,9,7,1.0000
11436266521,9,7,1.0000
11436266522,9,7,1.0000
11436266524,9,7,1.0000
11436266525,9,7,1.0000
11436266526,9,7,1.0000
11436266527,9,7,1.0000
11436266528,9,7,1.0000
11436266529,9,7,1.0000
11436266602,9,7,1.0000
11436266603,9,7,1.0000
11436266644,9,7,1.0000
11436266645,9,7,1.0000
11436266646,9,7,1.0000
11436266650,9,7,1.0000
11436266651,9,7,1.0000
11436266652,9,7,1.0000
11436266653,9,7,1.0000
11436266679,9,7,1.0000
11436266680,9,7,1.0000
11436266681,9,7,1.0000
11436266682,9,7,1.0000
11436266683,9,7,1.0000
11436266684,9,7,1.0000
11436266736,9,7,1.0000
11436266737,9,7,1.0000
11436266739,9,7,1.0000
11436266740,9,7,1.0000
11436266741,9,7,1.0000
11436266742,9,7,1.0000
11436266743,9,7,1.0000
11436266744,9,7,1.0000
11436266745,9,7,1.0000
11436266752,9,7,1.0000
11436266753,9,7,1.0000
11436266754,9,7,1.0000
11436266824,9,7,1.0000
11436266825,9,7,1.0000
11436266826,9,7,1.0000
11436266827,9,7,1.0000
11436266828,9,7,1.0000
11436266830,9,7,1.0000
11436266831,9,7,1.0000
11436266863,9,7,1.0000
11436266864,9,7,1.0000
11436266866,9,7,1.0000
11436266867,9,7,1.0000
11436266917,9,7,1.0000
11436266918,9,7,1.0000
11436266919,9,7,1.0000
11436266921,9,7,1.0000
11436266922,9,7,1.0000
11436266923,9,7,1.0000
11436266924,9,7,1.0000
11436266925,9,7,1.0000
11436266926,9,7,1.0000
11436266929,9,7,1.0000
11436266930,9,7,1.0000
11436266931,9,7,1.0000
11436266939,9,7,1.0000
11436266940,9,7,1.0000
11436266941,9,7,1.0000
11436267002,9,7,1.0000
11436267003,9,7,1.0000
11436267004,9,7,1.0000
11436267005,9,7,1.0000
11436267006,9,7,1.0000
11436267007,9,7,1.0000
11436267008,9,7,1.0000
11436267011,9,7,1.0000
11436267012,9,7,1.0000
11436267013,9,7,1.0000
11436267014,9,7,1.0000
11436267015,9,7,1.0000
11436267016,9,7,1.0000
11436596614,9,7,1.0000
11436596615,9,7,1.0000
11436596616,9,7,1.0000
11436596617,9,7,1.0000
11436609584,9,7,1.0000
11436609585,9,7,1.0000
11436609586,9,7,1.0000
11436609587,9,7,1.0000
11436609588,9,7,1.0000
11436609589,9,7,1.0000
11436609591,9,7,1.0000
11436609592,9,7,1.0000
11436609593,9,7,1.0000
11436609606,9,7,1.0000
11436609607,9,7,1.0000
11436609608,9,7,1.0000
11436609609,9,7,1.0000
11436609610,9,7,1.0000
11436609611,9,7,1.0000
11436609630,9,7,1.0000
11436609631,9,7,1.0000
11436609632,9,7,1.0000
11436609636,9,7,1.0000
11436609637,9,7,1.0000
11436609638,9,7,1.0000
11436609639,9,7,1.0000
11436609640,9,7,1.0000
11436609648,9,7,1.0000
11436609649,9,7,1.0000
11436609650,9,7,1.0000
11436609653,9,7,1.0000
11436609654,9,7,1.0000
11436609655,9,7,1.0000
11436610697,9,7,1.0000
11436610698,9,7,1.0000
11436610699,9,7,1.0000
11436610710,9,7,1.0000
11436610711,9,7,1.0000
11436610712,9,7,1.0000
11436610713,9,7,1.0000
11436610714,9,7,1.0000
11436610715,9,7,1.0000
11436610716,9,7,1.0000
11436610717,9,7,1.0000
11436610777,9,7,1.0000
11436610778,9,7,1.0000
11436610779,9,7,1.0000
11436610802,9,7,1.0000
11436610803,9,7,1.0000
11436610804,9,7,1.0000
11436610805,9,7,1.0000
11436610806,9,7,1.0000
11436610807,9,7,1.0000
11436610952,9,7,1.0000
11436610953,9,7,1.0000
11436610954,9,7,1.0000
11436610955,9,7,1.0000
11436610956,9,7,1.0000
11436610957,9,7,1.0000
11436610985,9,7,1.0000
11436610986,9,7,1.0000
11436610987,9,7,1.0000
11436611007,9,7,1.0000
11436611008,9,7,1.0000
11436611009,9,7,1.0000
11436611010,9,7,1.0000
11436611011,9,7,1.0000
11436611012,9,7,1.0000
11436611013,9,7,1.0000
11436611014,9,7,1.0000
11436611019,9,7,1.0000
11436611020,9,7,1.0000
11436611021,9,7,1.0000
11436611023,9,7,1.0000
11436611024,9,7,1.0000
11436611025,9,7,1.0000
11436611069,9,7,1.0000
11436611070,9,7,1.0000
11436611071,9,7,1.0000
11436611072,9,7,1.0000
11436611073,9,7,1.0000
11436611074,9,7,1.0000
11436611075,9,7,1.0000
11436611076,9,7,1.0000
11436611078,9,7,1.0000
11436611079,9,7,1.0000
11436611080,9,7,1.0000
11436611081,9,7,1.0000
11436611082,9,7,1.0000
11436611083,9,7,1.0000
11436611085,9,7,1.0000
11436611086,9,7,1.0000
11436611087,9,7,1.0000
11436611088,9,7,1.0000
11436611089,9,7,1.0000
11436611090,9,7,1.0000
11436611091,9,7,1.0000
11436611095,9,7,1.0000
11436611096,9,7,1.0000
11436611097,9,7,1.0000
11436611103,9,7,1.0000
11436611104,9,7,1.0000
11436611105,9,7,1.0000
11436611106,9,7,1.0000
11436611107,9,7,1.0000
11436611108,9,7,1.0000
11436611109,9,7,1.0000
11436611110,9,7,1.0000
11436611111,9,7,1.0000
11436611112,9,7,1.0000
11436611113,9,7,1.0000
11436611320,9,7,1.0000
11436611321,9,7,1.0000
11436611322,9,7,1.0000
11436611348,9,7,1.0000
11436611349,9,7,1.0000
11436611350,9,7,1.0000
11436611351,9,7,1.0000
11436611352,9,7,1.0000
11436611353,9,7,1.0000
11436611357,9,7,1.0000
11436611358,9,7,1.0000
11436611359,9,7,1.0000
11436611360,9,7,1.0000
11436611361,9,7,1.0000
11436611362,9,7,1.0000
11436611363,9,7,1.0000
11436611364,9,7,1.0000
11436611365,9,7,1.0000
11435810926,9,8,0.0000
11435810927,9,8,0.0000
11435810928,9,8,0.2500
11435810929,9,8,0.0000
11435810930,9,8,0.7500
11435810931,9,8,1.0000
11435811010,9,8,0.0000
11435811011,9,8,0.0000
11435811013,9,8,0.5000
11435811014,9,8,0.5000
11435811015,9,8,0.7500
11435811020,9,8,0.7500
11435811021,9,8,1.0000
11435811022,9,8,1.0000
11435989729,9,8,1.0000
11435989730,9,8,1.0000
11435989739,9,8,0.5000
11435989740,9,8,1.0000
11435989741,9,8,1.0000
11435989742,9,8,1.0000
11435989743,9,8,1.0000
11435989744,9,8,1.0000
11435989746,9,8,1.0000
11435989747,9,8,1.0000
11435989748,9,8,1.0000
11435989749,9,8,1.0000
11435989750,9,8,1.0000
11435989751,9,8,1.0000
11435996877,9,8,0.5000
11435996878,9,8,0.5000
11435996879,9,8,0.7500
11435996880,9,8,0.2500
11435996881,9,8,0.2500
11435996882,9,8,0.2500
11435996884,9,8,0.0000
11435996885,9,8,0.0000
11435996886,9,8,0.0000
11435996911,9,8,1.0000
11435996912,9,8,1.0000
11435996913,9,8,1.0000
11435996914,9,8,1.0000
11435996915,9,8,0.0000
11435996916,9,8,0.0000
11435996917,9,8,1.0000
11435996918,9,8,1.0000
11435996919,9,8,1.0000
11435996920,9,8,1.0000
11435996921,9,8,1.0000
11435996922,9,8,1.0000
11435996923,9,8,0.7500
11435996924,9,8,0.7500
11435996925,9,8,0.7500
11435996926,9,8,0.5000
11435996927,9,8,0.5000
11435996928,9,8,1.0000
11435996929,9,8,0.2500
11435996930,9,8,0.0000
11435996931,9,8,0.0000
11435996932,9,8,0.5000
11435996933,9,8,0.0000
11435996934,9,8,0.0000
11435996935,9,8,0.0000
11435996936,9,8,0.0000
11435996937,9,8,0.2500
11435996938,9,8,0.2500
11435996939,9,8,0.2500
11435996940,9,8,0.7500
11435996941,9,8,0.0000
11435996942,9,8,0.0000
11435996943,9,8,0.0000
11435996944,9,8,0.0000
11435996959,9,8,0.0000
11435996960,9,8,0.0000
11435996961,9,8,0.0000
11435996962,9,8,0.0000
11435996969,9,8,1.0000
11435996970,9,8,1.0000
11435996971,9,8,1.0000
11435996972,9,8,1.0000
11435996973,9,8,1.0000
11435996974,9,8,1.0000
11435996975,9,8,0.7500
11435996976,9,8,1.0000
11435997020,9,8,0.0000
11435997021,9,8,0.0000
11435997022,9,8,0.0000
11435997023,9,8,0.0000
11435997024,9,8,0.0000
11435997046,9,8,1.0000
11435997047,9,8,0.7500
11435997048,9,8,1.0000
11435997049,9,8,1.0000
11435997050,9,8,0.7500
11435997051,9,8,0.2500
11435997052,9,8,0.2500
11435997053,9,8,0.2500
11435997054,9,8,0.2500
11435997055,9,8,0.2500
11435997058,9,8,0.2500
11435997059,9,8,0.7500
11435997060,9,8,0.2500
11435997061,9,8,0.2500
11435997062,9,8,0.5000
11435997063,9,8,0.0000
11435997064,9,8,0.0000
11435997065,9,8,0.0000
11435997066,9,8,1.0000
11435997067,9,8,1.0000
11435997068,9,8,1.0000
11435997095,9,8,1.0000
11435997096,9,8,0.7500
11435997097,9,8,0.0000
11435997102,9,8,0.0000
11435997103,9,8,1.0000
11435997104,9,8,1.0000
11435997149,9,8,0.0000
11435997150,9,8,0.0000
11435997151,9,8,1.0000
11435997241,9,8,1.0000
11435997242,9,8,1.0000
11435997243,9,8,0.0000
11435997244,9,8,0.0000
11435997245,9,8,0.0000
11435997250,9,8,0.0000
11435997251,9,8,0.0000
11435997252,9,8,0.0000
11435997431,9,8,1.0000
11435997432,9,8,1.0000
11435997433,9,8,1.0000
11435997434,9,8,1.0000
11435997435,9,8,0.7500
11435997436,9,8,1.0000
11435997437,9,8,1.0000
11435997438,9,8,1.0000
11435997439,9,8,1.0000
11435997440,9,8,0.7500
11435997441,9,8,0.7500
11435997442,9,8,0.7500
11435997443,9,8,0.7500
11435997444,9,8,0.7500
11435997445,9,8,0.2500
11435997446,9,8,0.2500
11435997447,9,8,0.2500
11435997448,9,8,0.2500
11435997449,9,8,0.2500
11436260396,9,8,1.0000
11436260397,9,8,1.0000
11436260398,9,8,1.0000
11436260399,9,8,1.0000
11436266180,9,8,0.0000
11436266181,9,8,0.2500
11436266182,9,8,0.2500
11436266183,9,8,0.5000
11436266184,9,8,0.5000
11436266185,9,8,0.5000
11436266188,9,8,0.5000
11436266189,9,8,0.5000
11436266190,9,8,0.5000
11436266191,9,8,0.5000
11436266192,9,8,0.7500
11436266197,9,8,1.0000
11436266198,9,8,1.0000
11436266199,9,8,1.0000
11436266200,9,8,1.0000
11436266201,9,8,1.0000
11436266202,9,8,1.0000
11436266203,9,8,1.0000
11436266204,9,8,1.0000
11436266205,9,8,1.0000
11436266283,9,8,1.0000
11436266284,9,8,1.0000
11436266285,9,8,1.0000
11436266286,9,8,1.0000
11436266287,9,8,1.0000
11436266315,9,8,1.0000
11436266316,9,8,1.0000
11436266317,9,8,1.0000
11436266320,9,8,0.5000
11436266321,9,8,0.7500
11436266322,9,8,1.0000
11436266331,9,8,0.0000
11436266332,9,8,0.2500
11436266333,9,8,0.2500
11436266340,9,8,1.0000
11436266341,9,8,0.2500
11436266342,9,8,0.5000
11436266356,9,8,1.0000
11436266357,9,8,1.0000
11436266358,9,8,0.5000
11436266359,9,8,0.2500
11436266520,9,8,0.2500
11436266521,9,8,0.7500
11436266522,9,8,1.0000
11436266524,9,8,0.0000
11436266525,9,8,0.0000
11436266526,9,8,0.0000
11436266527,9,8,1.0000
11436266528,9,8,1.0000
11436266529,9,8,1.0000
11436266602,9,8,1.0000
11436266603,9,8,1.0000
11436266644,9,8,1.0000
11436266645,9,8,0.7500
11436266646,9,8,1.0000
11436266650,9,8,1.0000
11436266651,9,8,1.0000
11436266652,9,8,1.0000
11436266653,9,8,1.0000
11436266679,9,8,1.0000
11436266680,9,8,1.0000
11436266681,9,8,1.0000
11436266682,9,8,1.0000
11436266683,9,8,1.0000
11436266684,9,8,0.7500
11436266736,9,8,1.0000
11436266737,9,8,0.5000
11436266739,9,8,1.0000
11436266740,9,8,1.0000
11436266741,9,8,1.0000
11436266742,9,8,1.0000
11436266743,9,8,0.2500
11436266744,9,8,0.5000
11436266745,9,8,0.7500
11436266752,9,8,1.0000
11436266753,9,8,0.7500
11436266754,9,8,0.7500
11436266824,9,8,1.0000
11436266825,9,8,1.0000
11436266826,9,8,1.0000
11436266827,9,8,1.0000
11436266828,9,8,1.0000
11436266830,9,8,1.0000
11436266831,9,8,1.0000
11436266863,9,8,1.0000
11436266864,9,8,1.0000
11436266866,9,8,1.0000
11436266867,9,8,1.0000
11436266917,9,8,1.0000
11436266918,9,8,1.0000
11436266919,9,8,1.0000
11436266921,9,8,1.0000
11436266922,9,8,1.0000
11436266923,9,8,1.0000
11436266924,9,8,1.0000
11436266925,9,8,1.0000
11436266926,9,8,1.0000
11436266929,9,8,1.0000
11436266930,9,8,1.0000
11436266931,9,8,1.0000
11436266939,9,8,1.0000
11436266940,9,8,1.0000
11436266941,9,8,1.0000
11436267002,9,8,1.0000
11436267003,9,8,1.0000
11436267004,9,8,1.0000
11436267005,9,8,1.0000
11436267006,9,8,1.0000
11436267007,9,8,1.0000
11436267008,9,8,1.0000
11436267011,9,8,1.0000
11436267012,9,8,1.0000
11436267013,9,8,1.0000
11436267014,9,8,1.0000
11436267015,9,8,1.0000
11436267016,9,8,1.0000
11436596614,9,8,0.7500
11436596615,9,8,0.7500
11436596616,9,8,1.0000
11436596617,9,8,1.0000
11436609584,9,8,1.0000
11436609585,9,8,1.0000
11436609586,9,8,1.0000
11436609587,9,8,1.0000
11436609588,9,8,1.0000
11436609589,9,8,1.0000
11436609591,9,8,1.0000
11436609592,9,8,1.0000
11436609593,9,8,1.0000
11436609606,9,8,1.0000
11436609607,9,8,1.0000
11436609608,9,8,1.0000
11436609609,9,8,1.0000
11436609610,9,8,1.0000
11436609611,9,8,1.0000
11436609630,9,8,1.0000
11436609631,9,8,1.0000
11436609632,9,8,1.0000
11436609636,9,8,1.0000
11436609637,9,8,1.0000
11436609638,9,8,1.0000
11436609639,9,8,1.0000
11436609640,9,8,1.0000
11436609648,9,8,1.0000
11436609649,9,8,1.0000
11436609650,9,8,1.0000
11436609653,9,8,1.0000
11436609654,9,8,1.0000
11436609655,9,8,1.0000
11436610697,9,8,1.0000
11436610698,9,8,1.0000
11436610699,9,8,1.0000
11436610710,9,8,1.0000
11436610711,9,8,1.0000
11436610712,9,8,1.0000
11436610713,9,8,1.0000
11436610714,9,8,1.0000
11436610715,9,8,1.0000
11436610716,9,8,1.0000
11436610717,9,8,1.0000
11436610777,9,8,1.0000
11436610778,9,8,1.0000
11436610779,9,8,1.0000
11436610802,9,8,1.0000
11436610803,9,8,1.0000
11436610804,9,8,1.0000
11436610805,9,8,1.0000
11436610806,9,8,1.0000
11436610807,9,8,1.0000
11436610952,9,8,1.0000
11436610953,9,8,1.0000
11436610954,9,8,1.0000
11436610955,9,8,1.0000
11436610956,9,8,1.0000
11436610957,9,8,1.0000
11436610985,9,8,1.0000
11436610986,9,8,1.0000
11436610987,9,8,1.0000
11436611007,9,8,1.0000
11436611008,9,8,1.0000
11436611009,9,8,1.0000
11436611010,9,8,1.0000
11436611011,9,8,1.0000
11436611012,9,8,1.0000
11436611013,9,8,1.0000
11436611014,9,8,1.0000
11436611019,9,8,1.0000
11436611020,9,8,1.0000
11436611021,9,8,1.0000
11436611023,9,8,1.0000
11436611024,9,8,1.0000
11436611025,9,8,1.0000
11436611069,9,8,1.0000
11436611070,9,8,1.0000
11436611071,9,8,1.0000
11436611072,9,8,1.0000
11436611073,9,8,1.0000
11436611074,9,8,1.0000
11436611075,9,8,1.0000
11436611076,9,8,1.0000
11436611078,9,8,1.0000
11436611079,9,8,1.0000
11436611080,9,8,1.0000
11436611081,9,8,1.0000
11436611082,9,8,1.0000
11436611083,9,8,1.0000
11436611085,9,8,1.0000
11436611086,9,8,1.0000
11436611087,9,8,1.0000
11436611088,9,8,1.0000
11436611089,9,8,1.0000
11436611090,9,8,1.0000
11436611091,9,8,1.0000
11436611095,9,8,1.0000
11436611096,9,8,1.0000
11436611097,9,8,1.0000
11436611103,9,8,1.0000
11436611104,9,8,1.0000
11436611105,9,8,1.0000
11436611106,9,8,1.0000
11436611107,9,8,1.0000
11436611108,9,8,1.0000
11436611109,9,8,1.0000
11436611110,9,8,1.0000
11436611111,9,8,1.0000
11436611112,9,8,1.0000
11436611113,9,8,1.0000
11436611320,9,8,1.0000
11436611321,9,8,1.0000
11436611322,9,8,1.0000
11436611348,9,8,1.0000
11436611349,9,8,1.0000
11436611350,9,8,1.0000
11436611351,9,8,1.0000
11436611352,9,8,1.0000
11436611353,9,8,1.0000
11436611357,9,8,1.0000
11436611358,9,8,1.0000
11436611359,9,8,1.0000
11436611360,9,8,1.0000
11436611361,9,8,1.0000
11436611362,9,8,1.0000
11436611363,9,8,1.0000
11436611364,9,8,1.0000
11436611365,9,8,1.0000
11435810926,9,9,1.0000
11435810927,9,9,1.0000
11435810928,9,9,0.7500
11435810929,9,9,0.0000
11435810930,9,9,0.0000
11435810931,9,9,0.0000
11435811010,9,9,0.0000
11435811011,9,9,0.0000
11435811013,9,9,1.0000
11435811014,9,9,1.0000
11435811015,9,9,0.7500
11435811020,9,9,0.5000
11435811021,9,9,1.0000
11435811022,9,9,0.2500
11435989729,9,9,0.0000
11435989730,9,9,0.0000
11435989739,9,9,0.7500
11435989740,9,9,0.0000
11435989741,9,9,0.0000
11435989742,9,9,0.5000
11435989743,9,9,1.0000
11435989744,9,9,1.0000
11435989746,9,9,1.0000
11435989747,9,9,1.0000
11435989748,9,9,1.0000
11435989749,9,9,1.0000
11435989750,9,9,1.0000
11435989751,9,9,1.0000
11435996877,9,9,1.0000
11435996878,9,9,0.5000
11435996879,9,9,0.0000
11435996880,9,9,0.0000
11435996881,9,9,0.0000
11435996882,9,9,0.0000
11435996884,9,9,1.0000
11435996885,9,9,0.5000
11435996886,9,9,1.0000
11435996911,9,9,1.0000
11435996912,9,9,1.0000
11435996913,9,9,1.0000
11435996914,9,9,0.5000
11435996915,9,9,1.0000
11435996916,9,9,1.0000
11435996917,9,9,1.0000
11435996918,9,9,0.2500
11435996919,9,9,1.0000
11435996920,9,9,1.0000
11435996921,9,9,1.0000
11435996922,9,9,1.0000
11435996923,9,9,1.0000
11435996924,9,9,1.0000
11435996925,9,9,1.0000
11435996926,9,9,1.0000
11435996927,9,9,1.0000
11435996928,9,9,0.5000
11435996929,9,9,0.0000
11435996930,9,9,0.5000
11435996931,9,9,1.0000
11435996932,9,9,1.0000
11435996933,9,9,1.0000
11435996934,9,9,1.0000
11435996935,9,9,1.0000
11435996936,9,9,1.0000
11435996937,9,9,0.0000
11435996938,9,9,0.0000
11435996939,9,9,0.0000
11435996940,9,9,0.0000
11435996941,9,9,0.0000
11435996942,9,9,0.0000
11435996943,9,9,0.0000
11435996944,9,9,0.0000
11435996959,9,9,0.0000
11435996960,9,9,0.0000
11435996961,9,9,0.0000
11435996962,9,9,0.0000
11435996969,9,9,0.0000
11435996970,9,9,0.0000
11435996971,9,9,0.0000
11435996972,9,9,0.5000
11435996973,9,9,0.7500
11435996974,9,9,1.0000
11435996975,9,9,1.0000
11435996976,9,9,1.0000
11435997020,9,9,0.0000
11435997021,9,9,0.0000
11435997022,9,9,0.0000
11435997023,9,9,0.0000
11435997024,9,9,0.0000
11435997046,9,9,1.0000
11435997047,9,9,0.0000
11435997048,9,9,0.0000
11435997049,9,9,0.0000
11435997050,9,9,0.0000
11435997051,9,9,0.0000
11435997052,9,9,0.0000
11435997053,9,9,0.0000
11435997054,9,9,0.0000
11435997055,9,9,0.0000
11435997058,9,9,0.5000
11435997059,9,9,0.5000
11435997060,9,9,0.0000
11435997061,9,9,0.0000
11435997062,9,9,0.5000
11435997063,9,9,0.0000
11435997064,9,9,0.0000
11435997065,9,9,0.0000
11435997066,9,9,1.0000
11435997067,9,9,0.7500
11435997068,9,9,0.0000
11435997095,9,9,0.5000
11435997096,9,9,0.0000
11435997097,9,9,1.0000
11435997102,9,9,0.0000
11435997103,9,9,0.0000
11435997104,9,9,0.0000
11435997149,9,9,1.0000
11435997150,9,9,0.0000
11435997151,9,9,0.2500
11435997241,9,9,0.2500
11435997242,9,9,1.0000
11435997243,9,9,1.0000
11435997244,9,9,1.0000
11435997245,9,9,1.0000
11435997250,9,9,1.0000
11435997251,9,9,1.0000
11435997252,9,9,1.0000
11435997431,9,9,0.0000
11435997432,9,9,0.0000
11435997433,9,9,0.0000
11435997434,9,9,0.0000
11435997435,9,9,0.0000
11435997436,9,9,0.0000
11435997437,9,9,0.0000
11435997438,9,9,0.0000
11435997439,9,9,0.0000
11435997440,9,9,0.0000
11435997441,9,9,0.0000
11435997442,9,9,0.0000
11435997443,9,9,0.0000
11435997444,9,9,0.0000
11435997445,9,9,0.0000
11435997446,9,9,0.0000
11435997447,9,9,0.0000
11435997448,9,9,0.0000
11435997449,9,9,0.0000
11436260396,9,9,1.0000
11436260397,9,9,1.0000
11436260398,9,9,1.0000
11436260399,9,9,1.0000
11436266180,9,9,0.0000
11436266181,9,9,0.0000
11436266182,9,9,0.0000
11436266183,9,9,0.0000
11436266184,9,9,0.0000
11436266185,9,9,0.0000
11436266188,9,9,0.0000
11436266189,9,9,0.0000
11436266190,9,9,0.0000
11436266191,9,9,0.0000
11436266192,9,9,0.0000
11436266197,9,9,1.0000
11436266198,9,9,1.0000
11436266199,9,9,1.0000
11436266200,9,9,0.7500
11436266201,9,9,0.0000
11436266202,9,9,0.0000
11436266203,9,9,0.0000
11436266204,9,9,0.0000
11436266205,9,9,0.0000
11436266283,9,9,1.0000
11436266284,9,9,1.0000
11436266285,9,9,0.2500
11436266286,9,9,0.5000
11436266287,9,9,1.0000
11436266315,9,9,0.0000
11436266316,9,9,0.0000
11436266317,9,9,0.0000
11436266320,9,9,0.0000
11436266321,9,9,0.0000
11436266322,9,9,0.0000
11436266331,9,9,0.0000
11436266332,9,9,0.0000
11436266333,9,9,0.0000
11436266340,9,9,0.0000
11436266341,9,9,0.0000
11436266342,9,9,0.0000
11436266356,9,9,0.0000
11436266357,9,9,0.0000
11436266358,9,9,0.0000
11436266359,9,9,0.0000
11436266520,9,9,0.0000
11436266521,9,9,0.0000
11436266522,9,9,0.0000
11436266524,9,9,0.0000
11436266525,9,9,0.0000
11436266526,9,9,0.0000
11436266527,9,9,0.0000
11436266528,9,9,0.0000
11436266529,9,9,1.0000
11436266602,9,9,0.0000
11436266603,9,9,0.0000
11436266644,9,9,1.0000
11436266645,9,9,1.0000
11436266646,9,9,0.5000
11436266650,9,9,1.0000
11436266651,9,9,0.7500
11436266652,9,9,0.0000
11436266653,9,9,0.0000
11436266679,9,9,0.0000
11436266680,9,9,0.2500
11436266681,9,9,0.7500
11436266682,9,9,0.0000
11436266683,9,9,0.0000
11436266684,9,9,0.0000
11436266736,9,9,0.0000
11436266737,9,9,0.0000
11436266739,9,9,0.2500
11436266740,9,9,0.7500
11436266741,9,9,0.7500
11436266742,9,9,1.0000
11436266743,9,9,0.7500
11436266744,9,9,1.0000
11436266745,9,9,1.0000
11436266752,9,9,0.7500
11436266753,9,9,0.5000
11436266754,9,9,0.2500
11436266824,9,9,0.0000
11436266825,9,9,0.0000
11436266826,9,9,0.0000
11436266827,9,9,0.5000
11436266828,9,9,1.0000
11436266830,9,9,1.0000
11436266831,9,9,1.0000
11436266863,9,9,1.0000
11436266864,9,9,1.0000
11436266866,9,9,1.0000
11436266867,9,9,1.0000
11436266917,9,9,0.0000
11436266918,9,9,0.2500
11436266919,9,9,1.0000
11436266921,9,9,1.0000
11436266922,9,9,1.0000
11436266923,9,9,1.0000
11436266924,9,9,0.0000
11436266925,9,9,0.0000
11436266926,9,9,0.0000
11436266929,9,9,1.0000
11436266930,9,9,1.0000
11436266931,9,9,1.0000
11436266939,9,9,1.0000
11436266940,9,9,1.0000
11436266941,9,9,1.0000
11436267002,9,9,1.0000
11436267003,9,9,1.0000
11436267004,9,9,1.0000
11436267005,9,9,1.0000
11436267006,9,9,1.0000
11436267007,9,9,1.0000
11436267008,9,9,1.0000
11436267011,9,9,1.0000
11436267012,9,9,1.0000
11436267013,9,9,1.0000
11436267014,9,9,1.0000
11436267015,9,9,1.0000
11436267016,9,9,1.0000
11436596614,9,9,1.0000
11436596615,9,9,1.0000
11436596616,9,9,1.0000
11436596617,9,9,0.5000
11436609584,9,9,1.0000
11436609585,9,9,1.0000
11436609586,9,9,1.0000
11436609587,9,9,1.0000
11436609588,9,9,1.0000
11436609589,9,9,1.0000
11436609591,9,9,0.2500
11436609592,9,9,1.0000
11436609593,9,9,1.0000
11436609606,9,9,1.0000
11436609607,9,9,1.0000
11436609608,9,9,1.0000
11436609609,9,9,1.0000
11436609610,9,9,1.0000
11436609611,9,9,1.0000
11436609630,9,9,1.0000
11436609631,9,9,1.0000
11436609632,9,9,1.0000
11436609636,9,9,1.0000
11436609637,9,9,1.0000
11436609638,9,9,1.0000
11436609639,9,9,1.0000
11436609640,9,9,1.0000
11436609648,9,9,1.0000
11436609649,9,9,1.0000
11436609650,9,9,1.0000
11436609653,9,9,1.0000
11436609654,9,9,1.0000
11436609655,9,9,1.0000
11436610697,9,9,0.0000
11436610698,9,9,1.0000
11436610699,9,9,1.0000
11436610710,9,9,0.0000
11436610711,9,9,0.0000
11436610712,9,9,0.2500
11436610713,9,9,0.2500
11436610714,9,9,0.2500
11436610715,9,9,0.0000
11436610716,9,9,0.0000
11436610717,9,9,0.0000
11436610777,9,9,1.0000
11436610778,9,9,1.0000
11436610779,9,9,1.0000
11436610802,9,9,1.0000
11436610803,9,9,1.0000
11436610804,9,9,1.0000
11436610805,9,9,1.0000
11436610806,9,9,1.0000
11436610807,9,9,1.0000
11436610952,9,9,1.0000
11436610953,9,9,1.0000
11436610954,9,9,1.0000
11436610955,9,9,1.0000
11436610956,9,9,1.0000
11436610957,9,9,1.0000
11436610985,9,9,1.0000
11436610986,9,9,1.0000
11436610987,9,9,1.0000
11436611007,9,9,1.0000
11436611008,9,9,1.0000
11436611009,9,9,1.0000
11436611010,9,9,1.0000
11436611011,9,9,1.0000
11436611012,9,9,1.0000
11436611013,9,9,1.0000
11436611014,9,9,1.0000
11436611019,9,9,1.0000
11436611020,9,9,1.0000
11436611021,9,9,1.0000
11436611023,9,9,1.0000
11436611024,9,9,1.0000
11436611025,9,9,1.0000
11436611069,9,9,1.0000
11436611070,9,9,1.0000
11436611071,9,9,0.2500
11436611072,9,9,0.5000
11436611073,9,9,1.0000
11436611074,9,9,1.0000
11436611075,9,9,0.5000
11436611076,9,9,0.5000
11436611078,9,9,1.0000
11436611079,9,9,1.0000
11436611080,9,9,1.0000
11436611081,9,9,1.0000
11436611082,9,9,1.0000
11436611083,9,9,1.0000
11436611085,9,9,1.0000
11436611086,9,9,1.0000
11436611087,9,9,1.0000
11436611088,9,9,1.0000
11436611089,9,9,1.0000
11436611090,9,9,1.0000
11436611091,9,9,1.0000
11436611095,9,9,1.0000
11436611096,9,9,1.0000
11436611097,9,9,1.0000
11436611103,9,9,1.0000
11436611104,9,9,1.0000
11436611105,9,9,0.0000
11436611106,9,9,1.0000
11436611107,9,9,1.0000
11436611108,9,9,1.0000
11436611109,9,9,1.0000
11436611110,9,9,1.0000
11436611111,9,9,1.0000
11436611112,9,9,1.0000
11436611113,9,9,1.0000
11436611320,9,9,1.0000
11436611321,9,9,1.0000
11436611322,9,9,1.0000
11436611348,9,9,1.0000
11436611349,9,9,1.0000
11436611350,9,9,1.0000
11436611351,9,9,1.0000
11436611352,9,9,1.0000
11436611353,9,9,1.0000
11436611357,9,9,1.0000
11436611358,9,9,1.0000
11436611359,9,9,1.0000
11436611360,9,9,1.0000
11436611361,9,9,1.0000
11436611362,9,9,1.0000
11436611363,9,9,1.0000
11436611364,9,9,1.0000
11436611365,9,9,1.0000
11435810926,9,10,1.0000
11435810927,9,10,1.0000
11435810928,9,10,1.0000
11435810929,9,10,0.0000
11435810930,9,10,0.0000
11435810931,9,10,0.0000
11435811010,9,10,0.7500
11435811011,9,10,0.0000
11435811013,9,10,1.0000
11435811014,9,10,1.0000
11435811015,9,10,1.0000
11435811020,9,10,0.0000
11435811021,9,10,0.0000
11435811022,9,10,0.5000
11435989729,9,10,1.0000
11435989730,9,10,1.0000
11435989739,9,10,1.0000
11435989740,9,10,1.0000
11435989741,9,10,1.0000
11435989742,9,10,0.0000
11435989743,9,10,0.0000
11435989744,9,10,0.0000
11435989746,9,10,1.0000
11435989747,9,10,1.0000
11435989748,9,10,1.0000
11435989749,9,10,1.0000
11435989750,9,10,1.0000
11435989751,9,10,1.0000
11435996877,9,10,0.0000
11435996878,9,10,0.0000
11435996879,9,10,0.0000
11435996880,9,10,0.0000
11435996881,9,10,0.0000
11435996882,9,10,0.5000
11435996884,9,10,0.5000
11435996885,9,10,1.0000
11435996886,9,10,1.0000
11435996911,9,10,1.0000
11435996912,9,10,1.0000
11435996913,9,10,1.0000
11435996914,9,10,1.0000
11435996915,9,10,1.0000
11435996916,9,10,0.7500
11435996917,9,10,0.2500
11435996918,9,10,1.0000
11435996919,9,10,1.0000
11435996920,9,10,1.0000
11435996921,9,10,1.0000
11435996922,9,10,1.0000
11435996923,9,10,1.0000
11435996924,9,10,0.5000
11435996925,9,10,0.2500
11435996926,9,10,0.0000
11435996927,9,10,0.0000
11435996928,9,10,0.0000
11435996929,9,10,1.0000
11435996930,9,10,1.0000
11435996931,9,10,1.0000
11435996932,9,10,1.0000
11435996933,9,10,1.0000
11435996934,9,10,1.0000
11435996935,9,10,1.0000
11435996936,9,10,1.0000
11435996937,9,10,0.0000
11435996938,9,10,1.0000
11435996939,9,10,0.0000
11435996940,9,10,0.0000
11435996941,9,10,0.0000
11435996942,9,10,0.0000
11435996943,9,10,0.0000
11435996944,9,10,0.0000
11435996959,9,10,0.0000
11435996960,9,10,0.0000
11435996961,9,10,0.0000
11435996962,9,10,1.0000
11435996969,9,10,0.0000
11435996970,9,10,0.0000
11435996971,9,10,0.0000
11435996972,9,10,1.0000
11435996973,9,10,1.0000
11435996974,9,10,1.0000
11435996975,9,10,1.0000
11435996976,9,10,0.0000
11435997020,9,10,0.0000
11435997021,9,10,0.0000
11435997022,9,10,0.0000
11435997023,9,10,0.0000
11435997024,9,10,0.0000
11435997046,9,10,0.0000
11435997047,9,10,0.0000
11435997048,9,10,0.0000
11435997049,9,10,0.0000
11435997050,9,10,0.0000
11435997051,9,10,0.0000
11435997052,9,10,0.0000
11435997053,9,10,0.0000
11435997054,9,10,0.0000
11435997055,9,10,0.0000
11435997058,9,10,0.0000
11435997059,9,10,0.0000
11435997060,9,10,0.0000
11435997061,9,10,0.0000
11435997062,9,10,0.0000
11435997063,9,10,0.0000
11435997064,9,10,0.0000
11435997065,9,10,0.0000
11435997066,9,10,0.0000
11435997067,9,10,0.0000
11435997068,9,10,1.0000
11435997095,9,10,0.0000
11435997096,9,10,0.0000
11435997097,9,10,0.0000
11435997102,9,10,0.0000
11435997103,9,10,0.0000
11435997104,9,10,0.0000
11435997149,9,10,0.0000
11435997150,9,10,1.0000
11435997151,9,10,1.0000
11435997241,9,10,1.0000
11435997242,9,10,1.0000
11435997243,9,10,1.0000
11435997244,9,10,0.7500
11435997245,9,10,1.0000
11435997250,9,10,1.0000
11435997251,9,10,1.0000
11435997252,9,10,1.0000
11435997431,9,10,0.0000
11435997432,9,10,0.0000
11435997433,9,10,0.0000
11435997434,9,10,0.0000
11435997435,9,10,0.0000
11435997436,9,10,0.0000
11435997437,9,10,0.0000
11435997438,9,10,0.0000
11435997439,9,10,0.0000
11435997440,9,10,0.0000
11435997441,9,10,0.0000
11435997442,9,10,0.0000
11435997443,9,10,0.0000
11435997444,9,10,0.0000
11435997445,9,10,0.0000
11435997446,9,10,0.0000
11435997447,9,10,0.0000
11435997448,9,10,0.0000
11435997449,9,10,0.0000
11436260396,9,10,1.0000
11436260397,9,10,1.0000
11436260398,9,10,1.0000
11436260399,9,10,1.0000
11436266180,9,10,0.0000
11436266181,9,10,0.0000
11436266182,9,10,0.0000
11436266183,9,10,0.0000
11436266184,9,10,0.0000
11436266185,9,10,0.0000
11436266188,9,10,0.0000
11436266189,9,10,0.0000
11436266190,9,10,0.0000
11436266191,9,10,0.0000
11436266192,9,10,0.0000
11436266197,9,10,1.0000
11436266198,9,10,1.0000
11436266199,9,10,1.0000
11436266200,9,10,1.0000
11436266201,9,10,1.0000
11436266202,9,10,0.7500
11436266203,9,10,0.0000
11436266204,9,10,0.0000
11436266205,9,10,0.0000
11436266283,9,10,1.0000
11436266284,9,10,0.2500
11436266285,9,10,1.0000
11436266286,9,10,1.0000
11436266287,9,10,1.0000
11436266315,9,10,0.0000
11436266316,9,10,0.0000
11436266317,9,10,0.0000
11436266320,9,10,0.0000
11436266321,9,10,0.0000
11436266322,9,10,0.0000
11436266331,9,10,1.0000
11436266332,9,10,0.0000
11436266333,9,10,0.0000
11436266340,9,10,1.0000
11436266341,9,10,1.0000
11436266342,9,10,1.0000
11436266356,9,10,0.0000
11436266357,9,10,0.0000
11436266358,9,10,0.0000
11436266359,9,10,0.0000
11436266520,9,10,0.0000
11436266521,9,10,0.0000
11436266522,9,10,0.0000
11436266524,9,10,1.0000
11436266525,9,10,0.2500
11436266526,9,10,0.0000
11436266527,9,10,0.0000
11436266528,9,10,1.0000
11436266529,9,10,1.0000
11436266602,9,10,0.0000
11436266603,9,10,0.0000
11436266644,9,10,1.0000
11436266645,9,10,1.0000
11436266646,9,10,1.0000
11436266650,9,10,0.7500
11436266651,9,10,0.2500
11436266652,9,10,1.0000
11436266653,9,10,1.0000
11436266679,9,10,0.0000
11436266680,9,10,0.0000
11436266681,9,10,0.0000
11436266682,9,10,0.0000
11436266683,9,10,0.0000
11436266684,9,10,0.0000
11436266736,9,10,0.0000
11436266737,9,10,0.0000
11436266739,9,10,1.0000
11436266740,9,10,0.5000
11436266741,9,10,1.0000
11436266742,9,10,1.0000
11436266743,9,10,0.0000
11436266744,9,10,0.0000
11436266745,9,10,1.0000
11436266752,9,10,0.0000
11436266753,9,10,0.0000
11436266754,9,10,0.0000
11436266824,9,10,0.0000
11436266825,9,10,0.0000
11436266826,9,10,0.0000
11436266827,9,10,0.0000
11436266828,9,10,0.0000
11436266830,9,10,0.0000
11436266831,9,10,0.7500
11436266863,9,10,0.0000
11436266864,9,10,1.0000
11436266866,9,10,1.0000
11436266867,9,10,1.0000
11436266917,9,10,1.0000
11436266918,9,10,1.0000
11436266919,9,10,1.0000
11436266921,9,10,1.0000
11436266922,9,10,1.0000
11436266923,9,10,0.5000
11436266924,9,10,0.0000
11436266925,9,10,0.0000
11436266926,9,10,0.0000
11436266929,9,10,0.0000
11436266930,9,10,0.0000
11436266931,9,10,1.0000
11436266939,9,10,0.0000
11436266940,9,10,0.0000
11436266941,9,10,0.0000
11436267002,9,10,0.0000
11436267003,9,10,1.0000
11436267004,9,10,1.0000
11436267005,9,10,1.0000
11436267006,9,10,1.0000
11436267007,9,10,1.0000
11436267008,9,10,0.0000
11436267011,9,10,0.5000
11436267012,9,10,0.7500
11436267013,9,10,1.0000
11436267014,9,10,1.0000
11436267015,9,10,1.0000
11436267016,9,10,1.0000
11436596614,9,10,0.0000
11436596615,9,10,0.0000
11436596616,9,10,1.0000
11436596617,9,10,0.5000
11436609584,9,10,1.0000
11436609585,9,10,1.0000
11436609586,9,10,1.0000
11436609587,9,10,1.0000
11436609588,9,10,1.0000
11436609589,9,10,1.0000
11436609591,9,10,0.0000
11436609592,9,10,0.5000
11436609593,9,10,0.7500
11436609606,9,10,0.0000
11436609607,9,10,0.0000
11436609608,9,10,0.0000
11436609609,9,10,0.2500
11436609610,9,10,0.5000
11436609611,9,10,0.7500
11436609630,9,10,1.0000
11436609631,9,10,1.0000
11436609632,9,10,0.5000
11436609636,9,10,0.0000
11436609637,9,10,0.0000
11436609638,9,10,0.7500
11436609639,9,10,0.0000
11436609640,9,10,0.0000
11436609648,9,10,1.0000
11436609649,9,10,1.0000
11436609650,9,10,1.0000
11436609653,9,10,1.0000
11436609654,9,10,1.0000
11436609655,9,10,1.0000
11436610697,9,10,0.7500
11436610698,9,10,1.0000
11436610699,9,10,1.0000
11436610710,9,10,0.2500
11436610711,9,10,0.0000
11436610712,9,10,0.0000
11436610713,9,10,0.0000
11436610714,9,10,0.0000
11436610715,9,10,0.0000
11436610716,9,10,0.0000
11436610717,9,10,0.0000
11436610777,9,10,0.0000
11436610778,9,10,0.0000
11436610779,9,10,1.0000
11436610802,9,10,1.0000
11436610803,9,10,1.0000
11436610804,9,10,1.0000
11436610805,9,10,1.0000
11436610806,9,10,1.0000
11436610807,9,10,1.0000
11436610952,9,10,0.0000
11436610953,9,10,0.5000
11436610954,9,10,0.7500
11436610955,9,10,1.0000
11436610956,9,10,1.0000
11436610957,9,10,1.0000
11436610985,9,10,0.0000
11436610986,9,10,0.7500
11436610987,9,10,1.0000
11436611007,9,10,1.0000
11436611008,9,10,1.0000
11436611009,9,10,0.5000
11436611010,9,10,1.0000
11436611011,9,10,1.0000
11436611012,9,10,1.0000
11436611013,9,10,1.0000
11436611014,9,10,1.0000
11436611019,9,10,1.0000
11436611020,9,10,1.0000
11436611021,9,10,1.0000
11436611023,9,10,1.0000
11436611024,9,10,1.0000
11436611025,9,10,1.0000
11436611069,9,10,1.0000
11436611070,9,10,1.0000
11436611071,9,10,1.0000
11436611072,9,10,1.0000
11436611073,9,10,0.2500
11436611074,9,10,0.0000
11436611075,9,10,0.0000
11436611076,9,10,0.2500
11436611078,9,10,0.7500
11436611079,9,10,1.0000
11436611080,9,10,1.0000
11436611081,9,10,1.0000
11436611082,9,10,1.0000
11436611083,9,10,1.0000
11436611085,9,10,1.0000
11436611086,9,10,1.0000
11436611087,9,10,1.0000
11436611088,9,10,1.0000
11436611089,9,10,1.0000
11436611090,9,10,1.0000
11436611091,9,10,1.0000
11436611095,9,10,1.0000
11436611096,9,10,1.0000
11436611097,9,10,1.0000
11436611103,9,10,1.0000
11436611104,9,10,1.0000
11436611105,9,10,1.0000
11436611106,9,10,1.0000
11436611107,9,10,1.0000
11436611108,9,10,1.0000
11436611109,9,10,1.0000
11436611110,9,10,1.0000
11436611111,9,10,1.0000
11436611112,9,10,1.0000
11436611113,9,10,1.0000
11436611320,9,10,0.2500
11436611321,9,10,0.0000
11436611322,9,10,0.0000
11436611348,9,10,1.0000
11436611349,9,10,1.0000
11436611350,9,10,1.0000
11436611351,9,10,1.0000
11436611352,9,10,1.0000
11436611353,9,10,1.0000
11436611357,9,10,1.0000
11436611358,9,10,1.0000
11436611359,9,10,1.0000
11436611360,9,10,1.0000
11436611361,9,10,1.0000
11436611362,9,10,1.0000
11436611363,9,10,0.0000
11436611364,9,10,0.0000
11436611365,9,10,0.0000
11435810926,9,11,0.0000
11435810927,9,11,1.0000
11435810928,9,11,1.0000
11435810929,9,11,1.0000
11435810930,9,11,0.0000
11435810931,9,11,0.0000
11435811010,9,11,1.0000
11435811011,9,11,1.0000
11435811013,9,11,1.0000
11435811014,9,11,1.0000
11435811015,9,11,1.0000
11435811020,9,11,0.0000
11435811021,9,11,0.7500
11435811022,9,11,1.0000
11435989729,9,11,1.0000
11435989730,9,11,0.0000
11435989739,9,11,0.0000
11435989740,9,11,0.0000
11435989741,9,11,0.5000
11435989742,9,11,0.0000
11435989743,9,11,0.0000
11435989744,9,11,0.0000
11435989746,9,11,1.0000
11435989747,9,11,1.0000
11435989748,9,11,1.0000
11435989749,9,11,0.5000
11435989750,9,11,1.0000
11435989751,9,11,0.2500
11435996877,9,11,0.0000
11435996878,9,11,0.0000
11435996879,9,11,0.0000
11435996880,9,11,0.0000
11435996881,9,11,1.0000
11435996882,9,11,1.0000
11435996884,9,11,0.0000
11435996885,9,11,0.0000
11435996886,9,11,1.0000
11435996911,9,11,1.0000
11435996912,9,11,1.0000
11435996913,9,11,1.0000
11435996914,9,11,1.0000
11435996915,9,11,0.7500
11435996916,9,11,1.0000
11435996917,9,11,1.0000
11435996918,9,11,1.0000
11435996919,9,11,1.0000
11435996920,9,11,1.0000
11435996921,9,11,1.0000
11435996922,9,11,1.0000
11435996923,9,11,1.0000
11435996924,9,11,1.0000
11435996925,9,11,1.0000
11435996926,9,11,1.0000
11435996927,9,11,0.2500
11435996928,9,11,1.0000
11435996929,9,11,1.0000
11435996930,9,11,1.0000
11435996931,9,11,1.0000
11435996932,9,11,1.0000
11435996933,9,11,1.0000
11435996934,9,11,1.0000
11435996935,9,11,1.0000
11435996936,9,11,1.0000
11435996937,9,11,0.0000
11435996938,9,11,1.0000
11435996939,9,11,1.0000
11435996940,9,11,0.0000
11435996941,9,11,0.0000
11435996942,9,11,1.0000
11435996943,9,11,0.5000
11435996944,9,11,0.0000
11435996959,9,11,0.0000
11435996960,9,11,1.0000
11435996961,9,11,1.0000
11435996962,9,11,1.0000
11435996969,9,11,0.0000
11435996970,9,11,0.0000
11435996971,9,11,0.0000
11435996972,9,11,0.0000
11435996973,9,11,0.5000
11435996974,9,11,0.0000
11435996975,9,11,0.0000
11435996976,9,11,0.0000
11435997020,9,11,0.0000
11435997021,9,11,0.5000
11435997022,9,11,1.0000
11435997023,9,11,1.0000
11435997024,9,11,1.0000
11435997046,9,11,0.0000
11435997047,9,11,0.0000
11435997048,9,11,0.0000
11435997049,9,11,0.0000
11435997050,9,11,0.0000
11435997051,9,11,0.0000
11435997052,9,11,0.0000
11435997053,9,11,0.0000
11435997054,9,11,0.0000
11435997055,9,11,0.0000
11435997058,9,11,0.0000
11435997059,9,11,0.0000
11435997060,9,11,0.0000
11435997061,9,11,0.0000
11435997062,9,11,0.0000
11435997063,9,11,0.0000
11435997064,9,11,0.0000
11435997065,9,11,0.0000
11435997066,9,11,0.0000
11435997067,9,11,0.0000
11435997068,9,11,1.0000
11435997095,9,11,0.0000
11435997096,9,11,0.0000
11435997097,9,11,1.0000
11435997102,9,11,0.0000
11435997103,9,11,0.0000
11435997104,9,11,0.0000
11435997149,9,11,0.5000
11435997150,9,11,1.0000
11435997151,9,11,1.0000
11435997241,9,11,0.0000
11435997242,9,11,1.0000
11435997243,9,11,1.0000
11435997244,9,11,1.0000
11435997245,9,11,0.0000
11435997250,9,11,1.0000
11435997251,9,11,1.0000
11435997252,9,11,1.0000
11435997431,9,11,0.0000
11435997432,9,11,0.0000
11435997433,9,11,0.0000
11435997434,9,11,0.0000
11435997435,9,11,0.0000
11435997436,9,11,0.0000
11435997437,9,11,0.0000
11435997438,9,11,0.0000
11435997439,9,11,0.0000
11435997440,9,11,0.0000
11435997441,9,11,0.0000
11435997442,9,11,0.0000
11435997443,9,11,0.0000
11435997444,9,11,0.0000
11435997445,9,11,0.0000
11435997446,9,11,0.0000
11435997447,9,11,0.0000
11435997448,9,11,0.0000
11435997449,9,11,0.0000
11436260396,9,11,0.0000
11436260397,9,11,0.0000
11436260398,9,11,1.0000
11436260399,9,11,1.0000
11436266180,9,11,0.0000
11436266181,9,11,0.0000
11436266182,9,11,0.0000
11436266183,9,11,0.0000
11436266184,9,11,0.0000
11436266185,9,11,0.0000
11436266188,9,11,0.0000
11436266189,9,11,0.0000
11436266190,9,11,0.0000
11436266191,9,11,0.0000
11436266192,9,11,0.0000
11436266197,9,11,0.0000
11436266198,9,11,0.0000
11436266199,9,11,1.0000
11436266200,9,11,1.0000
11436266201,9,11,1.0000
11436266202,9,11,1.0000
11436266203,9,11,0.0000
11436266204,9,11,0.0000
11436266205,9,11,0.0000
11436266283,9,11,0.0000
11436266284,9,11,0.0000
11436266285,9,11,0.5000
11436266286,9,11,1.0000
11436266287,9,11,0.0000
11436266315,9,11,0.0000
11436266316,9,11,0.0000
11436266317,9,11,0.0000
11436266320,9,11,0.0000
11436266321,9,11,0.0000
11436266322,9,11,0.0000
11436266331,9,11,1.0000
11436266332,9,11,0.0000
11436266333,9,11,0.0000
11436266340,9,11,1.0000
11436266341,9,11,1.0000
11436266342,9,11,1.0000
11436266356,9,11,0.0000
11436266357,9,11,0.0000
11436266358,9,11,0.0000
11436266359,9,11,0.0000
11436266520,9,11,0.0000
11436266521,9,11,0.0000
11436266522,9,11,0.0000
11436266524,9,11,1.0000
11436266525,9,11,1.0000
11436266526,9,11,0.5000
11436266527,9,11,1.0000
11436266528,9,11,1.0000
11436266529,9,11,0.0000
11436266602,9,11,0.0000
11436266603,9,11,0.0000
11436266644,9,11,1.0000
11436266645,9,11,1.0000
11436266646,9,11,1.0000
11436266650,9,11,1.0000
11436266651,9,11,1.0000
11436266652,9,11,1.0000
11436266653,9,11,1.0000
11436266679,9,11,0.0000
11436266680,9,11,0.0000
11436266681,9,11,0.0000
11436266682,9,11,0.0000
11436266683,9,11,0.0000
11436266684,9,11,0.0000
11436266736,9,11,0.0000
11436266737,9,11,1.0000
11436266739,9,11,0.0000
11436266740,9,11,0.0000
11436266741,9,11,0.5000
11436266742,9,11,1.0000
11436266743,9,11,0.0000
11436266744,9,11,0.0000
11436266745,9,11,0.0000
11436266752,9,11,0.0000
11436266753,9,11,0.0000
11436266754,9,11,0.0000
11436266824,9,11,0.0000
11436266825,9,11,0.0000
11436266826,9,11,0.0000
11436266827,9,11,0.0000
11436266828,9,11,0.0000
11436266830,9,11,0.0000
11436266831,9,11,0.0000
11436266863,9,11,0.0000
11436266864,9,11,0.0000
11436266866,9,11,0.0000
11436266867,9,11,0.0000
11436266917,9,11,0.0000
11436266918,9,11,0.0000
11436266919,9,11,1.0000
11436266921,9,11,0.2500
11436266922,9,11,0.0000
11436266923,9,11,1.0000
11436266924,9,11,0.0000
11436266925,9,11,0.0000
11436266926,9,11,0.0000
11436266929,9,11,0.0000
11436266930,9,11,0.0000
11436266931,9,11,0.0000
11436266939,9,11,0.0000
11436266940,9,11,0.0000
11436266941,9,11,0.0000
11436267002,9,11,1.0000
11436267003,9,11,1.0000
11436267004,9,11,1.0000
11436267005,9,11,1.0000
11436267006,9,11,1.0000
11436267007,9,11,1.0000
11436267008,9,11,1.0000
11436267011,9,11,0.0000
11436267012,9,11,0.0000
11436267013,9,11,0.0000
11436267014,9,11,0.0000
11436267015,9,11,0.0000
11436267016,9,11,0.0000
11436596614,9,11,0.0000
11436596615,9,11,0.0000
11436596616,9,11,1.0000
11436596617,9,11,1.0000
11436609584,9,11,1.0000
11436609585,9,11,1.0000
11436609586,9,11,1.0000
11436609587,9,11,1.0000
11436609588,9,11,1.0000
11436609589,9,11,0.0000
11436609591,9,11,0.0000
11436609592,9,11,0.0000
11436609593,9,11,0.0000
11436609606,9,11,0.0000
11436609607,9,11,0.0000
11436609608,9,11,0.0000
11436609609,9,11,0.0000
11436609610,9,11,0.0000
11436609611,9,11,1.0000
11436609630,9,11,1.0000
11436609631,9,11,1.0000
11436609632,9,11,1.0000
11436609636,9,11,0.0000
11436609637,9,11,0.0000
11436609638,9,11,0.0000
11436609639,9,11,0.0000
11436609640,9,11,0.0000
11436609648,9,11,1.0000
11436609649,9,11,1.0000
11436609650,9,11,1.0000
11436609653,9,11,1.0000
11436609654,9,11,1.0000
11436609655,9,11,1.0000
11436610697,9,11,1.0000
11436610698,9,11,1.0000
11436610699,9,11,1.0000
11436610710,9,11,1.0000
11436610711,9,11,1.0000
11436610712,9,11,0.0000
11436610713,9,11,0.0000
11436610714,9,11,0.0000
11436610715,9,11,0.0000
11436610716,9,11,0.5000
11436610717,9,11,1.0000
11436610777,9,11,0.0000
11436610778,9,11,1.0000
11436610779,9,11,1.0000
11436610802,9,11,0.2500
11436610803,9,11,0.0000
11436610804,9,11,0.0000
11436610805,9,11,1.0000
11436610806,9,11,1.0000
11436610807,9,11,1.0000
11436610952,9,11,0.0000
11436610953,9,11,0.0000
11436610954,9,11,0.0000
11436610955,9,11,1.0000
11436610956,9,11,0.2500
11436610957,9,11,0.5000
11436610985,9,11,0.0000
11436610986,9,11,1.0000
11436610987,9,11,0.0000
11436611007,9,11,0.0000
11436611008,9,11,1.0000
11436611009,9,11,1.0000
11436611010,9,11,1.0000
11436611011,9,11,1.0000
11436611012,9,11,1.0000
11436611013,9,11,1.0000
11436611014,9,11,1.0000
11436611019,9,11,1.0000
11436611020,9,11,1.0000
11436611021,9,11,1.0000
11436611023,9,11,1.0000
11436611024,9,11,1.0000
11436611025,9,11,1.0000
11436611069,9,11,1.0000
11436611070,9,11,1.0000
11436611071,9,11,1.0000
11436611072,9,11,1.0000
11436611073,9,11,1.0000
11436611074,9,11,1.0000
11436611075,9,11,0.0000
11436611076,9,11,0.0000
11436611078,9,11,1.0000
11436611079,9,11,1.0000
11436611080,9,11,1.0000
11436611081,9,11,1.0000
11436611082,9,11,0.0000
11436611083,9,11,0.0000
11436611085,9,11,0.0000
11436611086,9,11,0.0000
11436611087,9,11,0.0000
11436611088,9,11,0.2500
11436611089,9,11,0.0000
11436611090,9,11,0.0000
11436611091,9,11,1.0000
11436611095,9,11,0.5000
11436611096,9,11,0.5000
11436611097,9,11,0.5000
11436611103,9,11,1.0000
11436611104,9,11,1.0000
11436611105,9,11,1.0000
11436611106,9,11,1.0000
11436611107,9,11,1.0000
11436611108,9,11,1.0000
11436611109,9,11,1.0000
11436611110,9,11,1.0000
11436611111,9,11,1.0000
11436611112,9,11,1.0000
11436611113,9,11,1.0000
11436611320,9,11,0.0000
11436611321,9,11,0.0000
11436611322,9,11,0.0000
11436611348,9,11,1.0000
11436611349,9,11,1.0000
11436611350,9,11,1.0000
11436611351,9,11,1.0000
11436611352,9,11,1.0000
11436611353,9,11,1.0000
11436611357,9,11,0.0000
11436611358,9,11,0.2500
11436611359,9,11,0.5000
11436611360,9,11,0.0000
11436611361,9,11,0.0000
11436611362,9,11,0.0000
11436611363,9,11,0.0000
11436611364,9,11,0.0000
11436611365,9,11,0.0000
11435810926,12,7,1.0000
11435810927,12,7,1.0000
11435810928,12,7,1.0000
11435810929,12,7,1.0000
11435810930,12,7,1.0000
11435810931,12,7,1.0000
11435811010,12,7,1.0000
11435811011,12,7,1.0000
11435811013,12,7,1.0000
11435811014,12,7,1.0000
11435811015,12,7,1.0000
11435811020,12,7,1.0000
11435811021,12,7,1.0000
11435811022,12,7,1.0000
11435989729,12,7,1.0000
11435989730,12,7,1.0000
11435989739,12,7,1.0000
11435989740,12,7,1.0000
11435989741,12,7,1.0000
11435989742,12,7,1.0000
11435989743,12,7,1.0000
11435989744,12,7,1.0000
11435989746,12,7,1.0000
11435989747,12,7,1.0000
11435989748,12,7,1.0000
11435989749,12,7,1.0000
11435989750,12,7,1.0000
11435989751,12,7,1.0000
11435996877,12,7,1.0000
11435996878,12,7,1.0000
11435996879,12,7,1.0000
11435996880,12,7,1.0000
11435996881,12,7,1.0000
11435996882,12,7,1.0000
11435996884,12,7,1.0000
11435996885,12,7,1.0000
11435996886,12,7,1.0000
11435996911,12,7,1.0000
11435996912,12,7,1.0000
11435996913,12,7,1.0000
11435996914,12,7,1.0000
11435996915,12,7,1.0000
11435996916,12,7,1.0000
11435996917,12,7,1.0000
11435996918,12,7,1.0000
11435996919,12,7,1.0000
11435996920,12,7,1.0000
11435996921,12,7,1.0000
11435996922,12,7,1.0000
11435996923,12,7,1.0000
11435996924,12,7,1.0000
11435996925,12,7,1.0000
11435996926,12,7,1.0000
11435996927,12,7,1.0000
11435996928,12,7,1.0000
11435996929,12,7,1.0000
11435996930,12,7,1.0000
11435996931,12,7,1.0000
11435996932,12,7,1.0000
11435996933,12,7,1.0000
11435996934,12,7,1.0000
11435996935,12,7,1.0000
11435996936,12,7,1.0000
11435996937,12,7,1.0000
11435996938,12,7,1.0000
11435996939,12,7,1.0000
11435996940,12,7,1.0000
11435996941,12,7,1.0000
11435996942,12,7,1.0000
11435996943,12,7,1.0000
11435996944,12,7,1.0000
11435996959,12,7,1.0000
11435996960,12,7,1.0000
11435996961,12,7,1.0000
11435996962,12,7,1.0000
11435996969,12,7,1.0000
11435996970,12,7,1.0000
11435996971,12,7,1.0000
11435996972,12,7,1.0000
11435996973,12,7,1.0000
11435996974,12,7,1.0000
11435996975,12,7,1.0000
11435996976,12,7,1.0000
11435997020,12,7,1.0000
11435997021,12,7,1.0000
11435997022,12,7,1.0000
11435997023,12,7,1.0000
11435997024,12,7,1.0000
11435997046,12,7,1.0000
11435997047,12,7,1.0000
11435997048,12,7,1.0000
11435997049,12,7,1.0000
11435997050,12,7,1.0000
11435997051,12,7,1.0000
11435997052,12,7,1.0000
11435997053,12,7,1.0000
11435997054,12,7,1.0000
11435997055,12,7,1.0000
11435997058,12,7,1.0000
11435997059,12,7,1.0000
11435997060,12,7,1.0000
11435997061,12,7,1.0000
11435997062,12,7,1.0000
11435997063,12,7,1.0000
11435997064,12,7,1.0000
11435997065,12,7,1.0000
11435997066,12,7,1.0000
11435997067,12,7,1.0000
11435997068,12,7,1.0000
11435997095,12,7,1.0000
11435997096,12,7,1.0000
11435997097,12,7,1.0000
11435997102,12,7,1.0000
11435997103,12,7,1.0000
11435997104,12,7,1.0000
11435997149,12,7,1.0000
11435997150,12,7,1.0000
11435997151,12,7,1.0000
11435997241,12,7,1.0000
11435997242,12,7,1.0000
11435997243,12,7,1.0000
11435997244,12,7,1.0000
11435997245,12,7,1.0000
11435997250,12,7,1.0000
11435997251,12,7,1.0000
11435997252,12,7,1.0000
11435997431,12,7,1.0000
11435997432,12,7,1.0000
11435997433,12,7,1.0000
11435997434,12,7,1.0000
11435997435,12,7,1.0000
11435997436,12,7,1.0000
11435997437,12,7,1.0000
11435997438,12,7,1.0000
11435997439,12,7,1.0000
11435997440,12,7,1.0000
11435997441,12,7,1.0000
11435997442,12,7,1.0000
11435997443,12,7,1.0000
11435997444,12,7,1.0000
11435997445,12,7,1.0000
11435997446,12,7,1.0000
11435997447,12,7,1.0000
11435997448,12,7,1.0000
11435997449,12,7,1.0000
11436260396,12,7,1.0000
11436260397,12,7,1.0000
11436260398,12,7,1.0000
11436260399,12,7,1.0000
11436266180,12,7,1.0000
11436266181,12,7,1.0000
11436266182,12,7,1.0000
11436266183,12,7,1.0000
11436266184,12,7,1.0000
11436266185,12,7,1.0000
11436266188,12,7,1.0000
11436266189,12,7,1.0000
11436266190,12,7,1.0000
11436266191,12,7,1.0000
11436266192,12,7,1.0000
11436266197,12,7,1.0000
11436266198,12,7,1.0000
11436266199,12,7,1.0000
11436266200,12,7,1.0000
11436266201,12,7,1.0000
11436266202,12,7,1.0000
11436266203,12,7,1.0000
11436266204,12,7,1.0000
11436266205,12,7,1.0000
11436266283,12,7,1.0000
11436266284,12,7,1.0000
11436266285,12,7,1.0000
11436266286,12,7,1.0000
11436266287,12,7,1.0000
11436266315,12,7,1.0000
11436266316,12,7,1.0000
11436266317,12,7,1.0000
11436266320,12,7,1.0000
11436266321,12,7,1.0000
11436266322,12,7,1.0000
11436266331,12,7,1.0000
11436266332,12,7,1.0000
11436266333,12,7,1.0000
11436266340,12,7,1.0000
11436266341,12,7,1.0000
11436266342,12,7,1.0000
11436266356,12,7,1.0000
11436266357,12,7,1.0000
11436266358,12,7,1.0000
11436266359,12,7,1.0000
11436266520,12,7,1.0000
11436266521,12,7,1.0000
11436266522,12,7,1.0000
11436266524,12,7,1.0000
11436266525,12,7,1.0000
11436266526,12,7,1.0000
11436266527,12,7,1.0000
11436266528,12,7,1.0000
11436266529,12,7,1.0000
11436266602,12,7,1.0000
11436266603,12,7,1.0000
11436266644,12,7,1.0000
11436266645,12,7,1.0000
11436266646,12,7,1.0000
11436266650,12,7,1.0000
11436266651,12,7,1.0000
11436266652,12,7,1.0000
11436266653,12,7,1.0000
11436266679,12,7,1.0000
11436266680,12,7,1.0000
11436266681,12,7,1.0000
11436266682,12,7,1.0000
11436266683,12,7,1.0000
11436266684,12,7,1.0000
11436266736,12,7,1.0000
11436266737,12,7,1.0000
11436266739,12,7,1.0000
11436266740,12,7,1.0000
11436266741,12,7,1.0000
11436266742,12,7,1.0000
11436266743,12,7,1.0000
11436266744,12,7,1.0000
11436266745,12,7,1.0000
11436266752,12,7,1.0000
11436266753,12,7,1.0000
11436266754,12,7,1.0000
11436266824,12,7,1.0000
11436266825,12,7,1.0000
11436266826,12,7,1.0000
11436266827,12,7,1.0000
11436266828,12,7,1.0000
11436266830,12,7,1.0000
11436266831,12,7,1.0000
11436266863,12,7,1.0000
11436266864,12,7,1.0000
11436266866,12,7,1.0000
11436266867,12,7,1.0000
11436266917,12,7,1.0000
11436266918,12,7,1.0000
11436266919,12,7,1.0000
11436266921,12,7,1.0000
11436266922,12,7,1.0000
11436266923,12,7,1.0000
11436266924,12,7,1.0000
11436266925,12,7,1.0000
11436266926,12,7,1.0000
11436266929,12,7,1.0000
11436266930,12,7,1.0000
11436266931,12,7,1.0000
11436266939,12,7,1.0000
11436266940,12,7,1.0000
11436266941,12,7,1.0000
11436267002,12,7,1.0000
11436267003,12,7,1.0000
11436267004,12,7,1.0000
11436267005,12,7,1.0000
11436267006,12,7,1.0000
11436267007,12,7,1.0000
11436267008,12,7,1.0000
11436267011,12,7,1.0000
11436267012,12,7,1.0000
11436267013,12,7,1.0000
11436267014,12,7,1.0000
11436267015,12,7,1.0000
11436267016,12,7,1.0000
11436596614,12,7,1.0000
11436596615,12,7,1.0000
11436596616,12,7,1.0000
11436596617,12,7,1.0000
11436609584,12,7,1.0000
11436609585,12,7,1.0000
11436609586,12,7,1.0000
11436609587,12,7,1.0000
11436609588,12,7,1.0000
11436609589,12,7,1.0000
11436609591,12,7,1.0000
11436609592,12,7,1.0000
11436609593,12,7,1.0000
11436609606,12,7,1.0000
11436609607,12,7,1.0000
11436609608,12,7,1.0000
11436609609,12,7,1.0000
11436609610,12,7,1.0000
11436609611,12,7,1.0000
11436609630,12,7,1.0000
11436609631,12,7,1.0000
11436609632,12,7,1.0000
11436609636,12,7,1.0000
11436609637,12,7,1.0000
11436609638,12,7,1.0000
11436609639,12,7,1.0000
11436609640,12,7,1.0000
11436609648,12,7,1.0000
11436609649,12,7,1.0000
11436609650,12,7,1.0000
11436609653,12,7,1.0000
11436609654,12,7,1.0000
11436609655,12,7,1.0000
11436610697,12,7,1.0000
11436610698,12,7,1.0000
11436610699,12,7,1.0000
11436610710,12,7,1.0000
11436610711,12,7,1.0000
11436610712,12,7,1.0000
11436610713,12,7,1.0000
11436610714,12,7,1.0000
11436610715,12,7,1.0000
11436610716,12,7,1.0000
11436610717,12,7,1.0000
11436610777,12,7,1.0000
11436610778,12,7,1.0000
11436610779,12,7,1.0000
11436610802,12,7,1.0000
11436610803,12,7,1.0000
11436610804,12,7,1.0000
11436610805,12,7,1.0000
11436610806,12,7,1.0000
11436610807,12,7,1.0000
11436610952,12,7,1.0000
11436610953,12,7,1.0000
11436610954,12,7,1.0000
11436610955,12,7,1.0000
11436610956,12,7,1.0000
11436610957,12,7,1.0000
11436610985,12,7,1.0000
11436610986,12,7,1.0000
11436610987,12,7,1.0000
11436611007,12,7,1.0000
11436611008,12,7,1.0000
11436611009,12,7,1.0000
11436611010,12,7,1.0000
11436611011,12,7,1.0000
11436611012,12,7,1.0000
11436611013,12,7,1.0000
11436611014,12,7,1.0000
11436611019,12,7,1.0000
11436611020,12,7,1.0000
11436611021,12,7,1.0000
11436611023,12,7,1.0000
11436611024,12,7,1.0000
11436611025,12,7,1.0000
11436611069,12,7,1.0000
11436611070,12,7,1.0000
11436611071,12,7,1.0000
11436611072,12,7,1.0000
11436611073,12,7,1.0000
11436611074,12,7,1.0000
11436611075,12,7,1.0000
11436611076,12,7,1.0000
11436611078,12,7,1.0000
11436611079,12,7,1.0000
11436611080,12,7,1.0000
11436611081,12,7,1.0000
11436611082,12,7,1.0000
11436611083,12,7,1.0000
11436611085,12,7,1.0000
11436611086,12,7,1.0000
11436611087,12,7,1.0000
11436611088,12,7,1.0000
11436611089,12,7,1.0000
11436611090,12,7,1.0000
11436611091,12,7,1.0000
11436611095,12,7,1.0000
11436611096,12,7,1.0000
11436611097,12,7,1.0000
11436611103,12,7,1.0000
11436611104,12,7,1.0000
11436611105,12,7,1.0000
11436611106,12,7,1.0000
11436611107,12,7,1.0000
11436611108,12,7,1.0000
11436611109,12,7,1.0000
11436611110,12,7,1.0000
11436611111,12,7,1.0000
11436611112,12,7,1.0000
11436611113,12,7,1.0000
11436611320,12,7,1.0000
11436611321,12,7,1.0000
11436611322,12,7,1.0000
11436611348,12,7,1.0000
11436611349,12,7,1.0000
11436611350,12,7,1.0000
11436611351,12,7,1.0000
11436611352,12,7,1.0000
11436611353,12,7,1.0000
11436611357,12,7,1.0000
11436611358,12,7,1.0000
11436611359,12,7,1.0000
11436611360,12,7,1.0000
11436611361,12,7,1.0000
11436611362,12,7,1.0000
11436611363,12,7,1.0000
11436611364,12,7,1.0000
11436611365,12,7,1.0000
11435810926,12,8,1.0000
11435810927,12,8,1.0000
11435810928,12,8,1.0000
11435810929,12,8,1.0000
11435810930,12,8,1.0000
11435810931,12,8,1.0000
11435811010,12,8,1.0000
11435811011,12,8,1.0000
11435811013,12,8,1.0000
11435811014,12,8,1.0000
11435811015,12,8,0.7500
11435811020,12,8,0.5000
11435811021,12,8,0.5000
11435811022,12,8,0.7500
11435989729,12,8,1.0000
11435989730,12,8,1.0000
11435989739,12,8,1.0000
11435989740,12,8,1.0000
11435989741,12,8,1.0000
11435989742,12,8,1.0000
11435989743,12,8,1.0000
11435989744,12,8,1.0000
11435989746,12,8,0.7500
11435989747,12,8,0.5000
11435989748,12,8,0.7500
11435989749,12,8,1.0000
11435989750,12,8,1.0000
11435989751,12,8,0.7500
11435996877,12,8,1.0000
11435996878,12,8,1.0000
11435996879,12,8,1.0000
11435996880,12,8,0.5000
11435996881,12,8,0.5000
11435996882,12,8,1.0000
11435996884,12,8,0.7500
11435996885,12,8,0.2500
11435996886,12,8,0.7500
11435996911,12,8,1.0000
11435996912,12,8,1.0000
11435996913,12,8,1.0000
11435996914,12,8,1.0000
11435996915,12,8,1.0000
11435996916,12,8,1.0000
11435996917,12,8,1.0000
11435996918,12,8,1.0000
11435996919,12,8,1.0000
11435996920,12,8,1.0000
11435996921,12,8,1.0000
11435996922,12,8,1.0000
11435996923,12,8,1.0000
11435996924,12,8,1.0000
11435996925,12,8,1.0000
11435996926,12,8,1.0000
11435996927,12,8,1.0000
11435996928,12,8,1.0000
11435996929,12,8,1.0000
11435996930,12,8,1.0000
11435996931,12,8,1.0000
11435996932,12,8,1.0000
11435996933,12,8,1.0000
11435996934,12,8,1.0000
11435996935,12,8,1.0000
11435996936,12,8,1.0000
11435996937,12,8,1.0000
11435996938,12,8,1.0000
11435996939,12,8,1.0000
11435996940,12,8,1.0000
11435996941,12,8,1.0000
11435996942,12,8,1.0000
11435996943,12,8,1.0000
11435996944,12,8,1.0000
11435996959,12,8,1.0000
11435996960,12,8,1.0000
11435996961,12,8,1.0000
11435996962,12,8,1.0000
11435996969,12,8,0.7500
11435996970,12,8,0.7500
11435996971,12,8,0.7500
11435996972,12,8,1.0000
11435996973,12,8,0.0000
11435996974,12,8,0.2500
11435996975,12,8,0.5000
11435996976,12,8,0.7500
11435997020,12,8,1.0000
11435997021,12,8,1.0000
11435997022,12,8,1.0000
11435997023,12,8,1.0000
11435997024,12,8,1.0000
11435997046,12,8,1.0000
11435997047,12,8,1.0000
11435997048,12,8,1.0000
11435997049,12,8,1.0000
11435997050,12,8,1.0000
11435997051,12,8,1.0000
11435997052,12,8,1.0000
11435997053,12,8,1.0000
11435997054,12,8,1.0000
11435997055,12,8,1.0000
11435997058,12,8,1.0000
11435997059,12,8,1.0000
11435997060,12,8,1.0000
11435997061,12,8,1.0000
11435997062,12,8,1.0000
11435997063,12,8,1.0000
11435997064,12,8,1.0000
11435997065,12,8,1.0000
11435997066,12,8,1.0000
11435997067,12,8,1.0000
11435997068,12,8,1.0000
11435997095,12,8,1.0000
11435997096,12,8,1.0000
11435997097,12,8,1.0000
11435997102,12,8,1.0000
11435997103,12,8,1.0000
11435997104,12,8,1.0000
11435997149,12,8,1.0000
11435997150,12,8,1.0000
11435997151,12,8,1.0000
11435997241,12,8,1.0000
11435997242,12,8,1.0000
11435997243,12,8,1.0000
11435997244,12,8,1.0000
11435997245,12,8,1.0000
11435997250,12,8,1.0000
11435997251,12,8,1.0000
11435997252,12,8,1.0000
11435997431,12,8,1.0000
11435997432,12,8,1.0000
11435997433,12,8,1.0000
11435997434,12,8,1.0000
11435997435,12,8,1.0000
11435997436,12,8,1.0000
11435997437,12,8,1.0000
11435997438,12,8,1.0000
11435997439,12,8,1.0000
11435997440,12,8,1.0000
11435997441,12,8,1.0000
11435997442,12,8,1.0000
11435997443,12,8,1.0000
11435997444,12,8,1.0000
11435997445,12,8,1.0000
11435997446,12,8,1.0000
11435997447,12,8,1.0000
11435997448,12,8,1.0000
11435997449,12,8,1.0000
11436260396,12,8,1.0000
11436260397,12,8,1.0000
11436260398,12,8,1.0000
11436260399,12,8,1.0000
11436266180,12,8,1.0000
11436266181,12,8,1.0000
11436266182,12,8,1.0000
11436266183,12,8,1.0000
11436266184,12,8,1.0000
11436266185,12,8,1.0000
11436266188,12,8,1.0000
11436266189,12,8,1.0000
11436266190,12,8,1.0000
11436266191,12,8,1.0000
11436266192,12,8,1.0000
11436266197,12,8,1.0000
11436266198,12,8,1.0000
11436266199,12,8,1.0000
11436266200,12,8,1.0000
11436266201,12,8,1.0000
11436266202,12,8,1.0000
11436266203,12,8,1.0000
11436266204,12,8,1.0000
11436266205,12,8,1.0000
11436266283,12,8,1.0000
11436266284,12,8,1.0000
11436266285,12,8,1.0000
11436266286,12,8,1.0000
11436266287,12,8,1.0000
11436266315,12,8,1.0000
11436266316,12,8,1.0000
11436266317,12,8,1.0000
11436266320,12,8,0.7500
11436266321,12,8,1.0000
11436266322,12,8,1.0000
11436266331,12,8,0.7500
11436266332,12,8,0.5000
11436266333,12,8,0.7500
11436266340,12,8,1.0000
11436266341,12,8,0.7500
11436266342,12,8,0.5000
11436266356,12,8,1.0000
11436266357,12,8,0.7500
11436266358,12,8,1.0000
11436266359,12,8,1.0000
11436266520,12,8,0.7500
11436266521,12,8,0.7500
11436266522,12,8,0.7500
11436266524,12,8,0.7500
11436266525,12,8,1.0000
11436266526,12,8,1.0000
11436266527,12,8,1.0000
11436266528,12,8,1.0000
11436266529,12,8,1.0000
11436266602,12,8,1.0000
11436266603,12,8,1.0000
11436266644,12,8,1.0000
11436266645,12,8,1.0000
11436266646,12,8,1.0000
11436266650,12,8,1.0000
11436266651,12,8,1.0000
11436266652,12,8,0.7500
11436266653,12,8,0.5000
11436266679,12,8,1.0000
11436266680,12,8,1.0000
11436266681,12,8,1.0000
11436266682,12,8,1.0000
11436266683,12,8,0.7500
11436266684,12,8,0.2500
11436266736,12,8,1.0000
11436266737,12,8,0.5000
11436266739,12,8,0.2500
11436266740,12,8,0.5000
11436266741,12,8,0.2500
11436266742,12,8,0.2500
11436266743,12,8,0.7500
11436266744,12,8,0.7500
11436266745,12,8,0.5000
11436266752,12,8,1.0000
11436266753,12,8,0.7500
11436266754,12,8,1.0000
11436266824,12,8,1.0000
11436266825,12,8,1.0000
11436266826,12,8,1.0000
11436266827,12,8,1.0000
11436266828,12,8,1.0000
11436266830,12,8,1.0000
11436266831,12,8,1.0000
11436266863,12,8,1.0000
11436266864,12,8,1.0000
11436266866,12,8,1.0000
11436266867,12,8,1.0000
11436266917,12,8,1.0000
11436266918,12,8,1.0000
11436266919,12,8,1.0000
11436266921,12,8,1.0000
11436266922,12,8,1.0000
11436266923,12,8,1.0000
11436266924,12,8,1.0000
11436266925,12,8,1.0000
11436266926,12,8,1.0000
11436266929,12,8,0.0000
11436266930,12,8,0.2500
11436266931,12,8,0.5000
11436266939,12,8,0.2500
11436266940,12,8,0.0000
11436266941,12,8,0.0000
11436267002,12,8,0.0000
11436267003,12,8,0.0000
11436267004,12,8,0.0000
11436267005,12,8,0.0000
11436267006,12,8,0.0000
11436267007,12,8,0.0000
11436267008,12,8,0.0000
11436267011,12,8,1.0000
11436267012,12,8,1.0000
11436267013,12,8,1.0000
11436267014,12,8,1.0000
11436267015,12,8,1.0000
11436267016,12,8,1.0000
11436596614,12,8,1.0000
11436596615,12,8,1.0000
11436596616,12,8,1.0000
11436596617,12,8,1.0000
11436609584,12,8,1.0000
11436609585,12,8,1.0000
11436609586,12,8,1.0000
11436609587,12,8,1.0000
11436609588,12,8,1.0000
11436609589,12,8,1.0000
11436609591,12,8,1.0000
11436609592,12,8,1.0000
11436609593,12,8,1.0000
11436609606,12,8,1.0000
11436609607,12,8,1.0000
11436609608,12,8,1.0000
11436609609,12,8,1.0000
11436609610,12,8,1.0000
11436609611,12,8,1.0000
11436609630,12,8,1.0000
11436609631,12,8,1.0000
11436609632,12,8,1.0000
11436609636,12,8,1.0000
11436609637,12,8,1.0000
11436609638,12,8,1.0000
11436609639,12,8,1.0000
11436609640,12,8,1.0000
11436609648,12,8,1.0000
11436609649,12,8,1.0000
11436609650,12,8,0.7500
11436609653,12,8,0.5000
11436609654,12,8,1.0000
11436609655,12,8,1.0000
11436610697,12,8,1.0000
11436610698,12,8,1.0000
11436610699,12,8,1.0000
11436610710,12,8,1.0000
11436610711,12,8,1.0000
11436610712,12,8,1.0000
11436610713,12,8,1.0000
11436610714,12,8,1.0000
11436610715,12,8,1.0000
11436610716,12,8,1.0000
11436610717,12,8,1.0000
11436610777,12,8,1.0000
11436610778,12,8,1.0000
11436610779,12,8,1.0000
11436610802,12,8,1.0000
11436610803,12,8,1.0000
11436610804,12,8,1.0000
11436610805,12,8,1.0000
11436610806,12,8,1.0000
11436610807,12,8,1.0000
11436610952,12,8,1.0000
11436610953,12,8,1.0000
11436610954,12,8,1.0000
11436610955,12,8,1.0000
11436610956,12,8,1.0000
11436610957,12,8,1.0000
11436610985,12,8,0.7500
11436610986,12,8,0.2500
11436610987,12,8,1.0000
11436611007,12,8,1.0000
11436611008,12,8,1.0000
11436611009,12,8,1.0000
11436611010,12,8,1.0000
11436611011,12,8,1.0000
11436611012,12,8,1.0000
11436611013,12,8,1.0000
11436611014,12,8,1.0000
11436611019,12,8,1.0000
11436611020,12,8,1.0000
11436611021,12,8,1.0000
11436611023,12,8,0.7500
11436611024,12,8,1.0000
11436611025,12,8,1.0000
11436611069,12,8,1.0000
11436611070,12,8,1.0000
11436611071,12,8,1.0000
11436611072,12,8,1.0000
11436611073,12,8,1.0000
11436611074,12,8,1.0000
11436611075,12,8,1.0000
11436611076,12,8,1.0000
11436611078,12,8,1.0000
11436611079,12,8,1.0000
11436611080,12,8,1.0000
11436611081,12,8,1.0000
11436611082,12,8,1.0000
11436611083,12,8,1.0000
11436611085,12,8,1.0000
11436611086,12,8,1.0000
11436611087,12,8,1.0000
11436611088,12,8,1.0000
11436611089,12,8,1.0000
11436611090,12,8,1.0000
11436611091,12,8,1.0000
11436611095,12,8,1.0000
11436611096,12,8,1.0000
11436611097,12,8,1.0000
11436611103,12,8,1.0000
11436611104,12,8,1.0000
11436611105,12,8,1.0000
11436611106,12,8,1.0000
11436611107,12,8,1.0000
11436611108,12,8,1.0000
11436611109,12,8,1.0000
11436611110,12,8,1.0000
11436611111,12,8,1.0000
11436611112,12,8,1.0000
11436611113,12,8,1.0000
11436611320,12,8,0.5000
11436611321,12,8,0.7500
11436611322,12,8,1.0000
11436611348,12,8,1.0000
11436611349,12,8,1.0000
11436611350,12,8,1.0000
11436611351,12,8,1.0000
11436611352,12,8,1.0000
11436611353,12,8,1.0000
11436611357,12,8,1.0000
11436611358,12,8,1.0000
11436611359,12,8,1.0000
11436611360,12,8,1.0000
11436611361,12,8,0.0000
11436611362,12,8,0.2500
11436611363,12,8,0.5000
11436611364,12,8,0.5000
11436611365,12,8,0.5000
11435810926,12,9,1.0000
11435810927,12,9,1.0000
11435810928,12,9,1.0000
11435810929,12,9,1.0000
11435810930,12,9,1.0000
11435810931,12,9,1.0000
11435811010,12,9,1.0000
11435811011,12,9,1.0000
11435811013,12,9,0.0000
11435811014,12,9,0.0000
11435811015,12,9,0.0000
11435811020,12,9,0.0000
11435811021,12,9,0.0000
11435811022,12,9,0.0000
11435989729,12,9,1.0000
11435989730,12,9,1.0000
11435989739,12,9,1.0000
11435989740,12,9,1.0000
11435989741,12,9,1.0000
11435989742,12,9,1.0000
11435989743,12,9,1.0000
11435989744,12,9,1.0000
11435989746,12,9,1.0000
11435989747,12,9,1.0000
11435989748,12,9,1.0000
11435989749,12,9,1.0000
11435989750,12,9,1.0000
11435989751,12,9,1.0000
11435996877,12,9,0.0000
11435996878,12,9,0.0000
11435996879,12,9,0.0000
11435996880,12,9,1.0000
11435996881,12,9,1.0000
11435996882,12,9,1.0000
11435996884,12,9,1.0000
11435996885,12,9,1.0000
11435996886,12,9,1.0000
11435996911,12,9,0.0000
11435996912,12,9,0.0000
11435996913,12,9,0.0000
11435996914,12,9,0.2500
11435996915,12,9,1.0000
11435996916,12,9,1.0000
11435996917,12,9,1.0000
11435996918,12,9,1.0000
11435996919,12,9,0.0000
11435996920,12,9,0.5000
11435996921,12,9,0.2500
11435996922,12,9,1.0000
11435996923,12,9,1.0000
11435996924,12,9,0.2500
11435996925,12,9,0.7500
11435996926,12,9,1.0000
11435996927,12,9,1.0000
11435996928,12,9,0.7500
11435996929,12,9,0.0000
11435996930,12,9,0.0000
11435996931,12,9,0.2500
11435996932,12,9,0.7500
11435996933,12,9,0.0000
11435996934,12,9,0.0000
11435996935,12,9,0.0000
11435996936,12,9,0.0000
11435996937,12,9,0.0000
11435996938,12,9,0.0000
11435996939,12,9,0.0000
11435996940,12,9,0.5000
11435996941,12,9,1.0000
11435996942,12,9,0.0000
11435996943,12,9,0.5000
11435996944,12,9,1.0000
11435996959,12,9,1.0000
11435996960,12,9,1.0000
11435996961,12,9,1.0000
11435996962,12,9,0.0000
11435996969,12,9,0.5000
11435996970,12,9,0.7500
11435996971,12,9,0.0000
11435996972,12,9,0.0000
11435996973,12,9,0.0000
11435996974,12,9,0.0000
11435996975,12,9,0.0000
11435996976,12,9,0.0000
11435997020,12,9,0.0000
11435997021,12,9,0.0000
11435997022,12,9,0.0000
11435997023,12,9,0.0000
11435997024,12,9,0.0000
11435997046,12,9,0.0000
11435997047,12,9,0.0000
11435997048,12,9,0.0000
11435997049,12,9,0.0000
11435997050,12,9,0.0000
11435997051,12,9,0.0000
11435997052,12,9,0.0000
11435997053,12,9,0.0000
11435997054,12,9,0.0000
11435997055,12,9,0.0000
11435997058,12,9,0.0000
11435997059,12,9,0.0000
11435997060,12,9,0.0000
11435997061,12,9,0.0000
11435997062,12,9,0.0000
11435997063,12,9,0.2500
11435997064,12,9,0.0000
11435997065,12,9,0.7500
11435997066,12,9,0.0000
11435997067,12,9,0.0000
11435997068,12,9,0.0000
11435997095,12,9,1.0000
11435997096,12,9,1.0000
11435997097,12,9,1.0000
11435997102,12,9,1.0000
11435997103,12,9,1.0000
11435997104,12,9,1.0000
11435997149,12,9,1.0000
11435997150,12,9,1.0000
11435997151,12,9,1.0000
11435997241,12,9,0.5000
11435997242,12,9,0.5000
11435997243,12,9,1.0000
11435997244,12,9,1.0000
11435997245,12,9,0.2500
11435997250,12,9,0.0000
11435997251,12,9,0.0000
11435997252,12,9,0.0000
11435997431,12,9,1.0000
11435997432,12,9,1.0000
11435997433,12,9,1.0000
11435997434,12,9,1.0000
11435997435,12,9,0.2500
11435997436,12,9,0.5000
11435997437,12,9,0.7500
11435997438,12,9,0.7500
11435997439,12,9,1.0000
11435997440,12,9,0.0000
11435997441,12,9,0.0000
11435997442,12,9,0.0000
11435997443,12,9,0.0000
11435997444,12,9,0.2500
11435997445,12,9,0.0000
11435997446,12,9,0.0000
11435997447,12,9,0.0000
11435997448,12,9,0.0000
11435997449,12,9,0.0000
11436260396,12,9,1.0000
11436260397,12,9,1.0000
11436260398,12,9,1.0000
11436260399,12,9,1.0000
11436266180,12,9,0.0000
11436266181,12,9,0.0000
11436266182,12,9,0.0000
11436266183,12,9,0.0000
11436266184,12,9,0.2500
11436266185,12,9,0.5000
11436266188,12,9,1.0000
11436266189,12,9,1.0000
11436266190,12,9,1.0000
11436266191,12,9,1.0000
11436266192,12,9,1.0000
11436266197,12,9,1.0000
11436266198,12,9,1.0000
11436266199,12,9,1.0000
11436266200,12,9,1.0000
11436266201,12,9,1.0000
11436266202,12,9,1.0000
11436266203,12,9,1.0000
11436266204,12,9,1.0000
11436266205,12,9,1.0000
11436266283,12,9,1.0000
11436266284,12,9,1.0000
11436266285,12,9,1.0000
11436266286,12,9,1.0000
11436266287,12,9,1.0000
11436266315,12,9,1.0000
11436266316,12,9,1.0000
11436266317,12,9,1.0000
11436266320,12,9,1.0000
11436266321,12,9,1.0000
11436266322,12,9,1.0000
11436266331,12,9,1.0000
11436266332,12,9,1.0000
11436266333,12,9,1.0000
11436266340,12,9,1.0000
11436266341,12,9,1.0000
11436266342,12,9,1.0000
11436266356,12,9,1.0000
11436266357,12,9,1.0000
11436266358,12,9,1.0000
11436266359,12,9,1.0000
11436266520,12,9,1.0000
11436266521,12,9,0.0000
11436266522,12,9,0.0000
11436266524,12,9,1.0000
11436266525,12,9,1.0000
11436266526,12,9,1.0000
11436266527,12,9,0.0000
11436266528,12,9,0.0000
11436266529,12,9,0.0000
11436266602,12,9,1.0000
11436266603,12,9,1.0000
11436266644,12,9,1.0000
11436266645,12,9,1.0000
11436266646,12,9,0.5000
11436266650,12,9,1.0000
11436266651,12,9,1.0000
11436266652,12,9,1.0000
11436266653,12,9,1.0000
11436266679,12,9,1.0000
11436266680,12,9,1.0000
11436266681,12,9,1.0000
11436266682,12,9,1.0000
11436266683,12,9,1.0000
11436266684,12,9,1.0000
11436266736,12,9,1.0000
11436266737,12,9,1.0000
11436266739,12,9,1.0000
11436266740,12,9,1.0000
11436266741,12,9,1.0000
11436266742,12,9,1.0000
11436266743,12,9,1.0000
11436266744,12,9,1.0000
11436266745,12,9,1.0000
11436266752,12,9,1.0000
11436266753,12,9,1.0000
11436266754,12,9,1.0000
11436266824,12,9,1.0000
11436266825,12,9,1.0000
11436266826,12,9,1.0000
11436266827,12,9,1.0000
11436266828,12,9,1.0000
11436266830,12,9,1.0000
11436266831,12,9,1.0000
11436266863,12,9,1.0000
11436266864,12,9,1.0000
11436266866,12,9,1.0000
11436266867,12,9,1.0000
11436266917,12,9,1.0000
11436266918,12,9,1.0000
11436266919,12,9,1.0000
11436266921,12,9,1.0000
11436266922,12,9,1.0000
11436266923,12,9,1.0000
11436266924,12,9,1.0000
11436266925,12,9,1.0000
11436266926,12,9,1.0000
11436266929,12,9,1.0000
11436266930,12,9,1.0000
11436266931,12,9,1.0000
11436266939,12,9,1.0000
11436266940,12,9,1.0000
11436266941,12,9,1.0000
11436267002,12,9,1.0000
11436267003,12,9,1.0000
11436267004,12,9,1.0000
11436267005,12,9,1.0000
11436267006,12,9,1.0000
11436267007,12,9,1.0000
11436267008,12,9,1.0000
11436267011,12,9,1.0000
11436267012,12,9,1.0000
11436267013,12,9,1.0000
11436267014,12,9,1.0000
11436267015,12,9,1.0000
11436267016,12,9,1.0000
11436596614,12,9,1.0000
11436596615,12,9,1.0000
11436596616,12,9,1.0000
11436596617,12,9,1.0000
11436609584,12,9,1.0000
11436609585,12,9,1.0000
11436609586,12,9,1.0000
11436609587,12,9,1.0000
11436609588,12,9,1.0000
11436609589,12,9,1.0000
11436609591,12,9,1.0000
11436609592,12,9,1.0000
11436609593,12,9,1.0000
11436609606,12,9,1.0000
11436609607,12,9,1.0000
11436609608,12,9,1.0000
11436609609,12,9,1.0000
11436609610,12,9,1.0000
11436609611,12,9,1.0000
11436609630,12,9,1.0000
11436609631,12,9,1.0000
11436609632,12,9,1.0000
11436609636,12,9,1.0000
11436609637,12,9,1.0000
11436609638,12,9,1.0000
11436609639,12,9,1.0000
11436609640,12,9,1.0000
11436609648,12,9,1.0000
11436609649,12,9,1.0000
11436609650,12,9,1.0000
11436609653,12,9,1.0000
11436609654,12,9,1.0000
11436609655,12,9,1.0000
11436610697,12,9,1.0000
11436610698,12,9,1.0000
11436610699,12,9,1.0000
11436610710,12,9,1.0000
11436610711,12,9,1.0000
11436610712,12,9,1.0000
11436610713,12,9,1.0000
11436610714,12,9,1.0000
11436610715,12,9,1.0000
11436610716,12,9,1.0000
11436610717,12,9,1.0000
11436610777,12,9,1.0000
11436610778,12,9,1.0000
11436610779,12,9,1.0000
11436610802,12,9,1.0000
11436610803,12,9,1.0000
11436610804,12,9,1.0000
11436610805,12,9,1.0000
11436610806,12,9,1.0000
11436610807,12,9,1.0000
11436610952,12,9,1.0000
11436610953,12,9,1.0000
11436610954,12,9,1.0000
11436610955,12,9,1.0000
11436610956,12,9,1.0000
11436610957,12,9,1.0000
11436610985,12,9,1.0000
11436610986,12,9,1.0000
11436610987,12,9,1.0000
11436611007,12,9,1.0000
11436611008,12,9,1.0000
11436611009,12,9,1.0000
11436611010,12,9,1.0000
11436611011,12,9,1.0000
11436611012,12,9,1.0000
11436611013,12,9,1.0000
11436611014,12,9,1.0000
11436611019,12,9,1.0000
11436611020,12,9,1.0000
11436611021,12,9,1.0000
11436611023,12,9,1.0000
11436611024,12,9,1.0000
11436611025,12,9,1.0000
11436611069,12,9,1.0000
11436611070,12,9,1.0000
11436611071,12,9,1.0000
11436611072,12,9,1.0000
11436611073,12,9,1.0000
11436611074,12,9,1.0000
11436611075,12,9,1.0000
11436611076,12,9,1.0000
11436611078,12,9,1.0000
11436611079,12,9,1.0000
11436611080,12,9,1.0000
11436611081,12,9,1.0000
11436611082,12,9,1.0000
11436611083,12,9,1.0000
11436611085,12,9,1.0000
11436611086,12,9,1.0000
11436611087,12,9,1.0000
11436611088,12,9,1.0000
11436611089,12,9,1.0000
11436611090,12,9,1.0000
11436611091,12,9,1.0000
11436611095,12,9,1.0000
11436611096,12,9,1.0000
11436611097,12,9,1.0000
11436611103,12,9,1.0000
11436611104,12,9,1.0000
11436611105,12,9,1.0000
11436611106,12,9,1.0000
11436611107,12,9,1.0000
11436611108,12,9,1.0000
11436611109,12,9,1.0000
11436611110,12,9,1.0000
11436611111,12,9,1.0000
11436611112,12,9,1.0000
11436611113,12,9,1.0000
11436611320,12,9,1.0000
11436611321,12,9,1.0000
11436611322,12,9,1.0000
11436611348,12,9,1.0000
11436611349,12,9,1.0000
11436611350,12,9,1.0000
11436611351,12,9,1.0000
11436611352,12,9,1.0000
11436611353,12,9,1.0000
11436611357,12,9,1.0000
11436611358,12,9,1.0000
11436611359,12,9,1.0000
11436611360,12,9,1.0000
11436611361,12,9,1.0000
11436611362,12,9,1.0000
11436611363,12,9,1.0000
11436611364,12,9,1.0000
11436611365,12,9,1.0000
11435810926,12,10,1.0000
11435810927,12,10,1.0000
11435810928,12,10,1.0000
11435810929,12,10,1.0000
11435810930,12,10,1.0000
11435810931,12,10,1.0000
11435811010,12,10,1.0000
11435811011,12,10,1.0000
11435811013,12,10,0.7500
11435811014,12,10,0.0000
11435811015,12,10,0.0000
11435811020,12,10,0.7500
11435811021,12,10,1.0000
11435811022,12,10,1.0000
11435989729,12,10,1.0000
11435989730,12,10,1.0000
11435989739,12,10,1.0000
11435989740,12,10,1.0000
11435989741,12,10,1.0000
11435989742,12,10,0.0000
11435989743,12,10,0.0000
11435989744,12,10,0.0000
11435989746,12,10,0.7500
11435989747,12,10,1.0000
11435989748,12,10,1.0000
11435989749,12,10,1.0000
11435989750,12,10,1.0000
11435989751,12,10,1.0000
11435996877,12,10,0.0000
11435996878,12,10,0.0000
11435996879,12,10,0.0000
11435996880,12,10,0.2500
11435996881,12,10,0.0000
11435996882,12,10,0.0000
11435996884,12,10,0.7500
11435996885,12,10,1.0000
11435996886,12,10,0.7500
11435996911,12,10,0.0000
11435996912,12,10,1.0000
11435996913,12,10,1.0000
11435996914,12,10,1.0000
11435996915,12,10,1.0000
11435996916,12,10,1.0000
11435996917,12,10,1.0000
11435996918,12,10,1.0000
11435996919,12,10,0.0000
11435996920,12,10,0.0000
11435996921,12,10,0.0000
11435996922,12,10,0.0000
11435996923,12,10,0.0000
11435996924,12,10,0.5000
11435996925,12,10,1.0000
11435996926,12,10,1.0000
11435996927,12,10,1.0000
11435996928,12,10,1.0000
11435996929,12,10,1.0000
11435996930,12,10,1.0000
11435996931,12,10,0.7500
11435996932,12,10,0.0000
11435996933,12,10,0.0000
11435996934,12,10,0.0000
11435996935,12,10,0.0000
11435996936,12,10,0.0000
11435996937,12,10,0.0000
11435996938,12,10,0.2500
11435996939,12,10,0.0000
11435996940,12,10,0.0000
11435996941,12,10,0.0000
11435996942,12,10,0.0000
11435996943,12,10,0.0000
11435996944,12,10,0.0000
11435996959,12,10,0.0000
11435996960,12,10,0.0000
11435996961,12,10,0.0000
11435996962,12,10,0.0000
11435996969,12,10,1.0000
11435996970,12,10,1.0000
11435996971,12,10,1.0000
11435996972,12,10,1.0000
11435996973,12,10,0.0000
11435996974,12,10,0.0000
11435996975,12,10,0.0000
11435996976,12,10,0.0000
11435997020,12,10,0.0000
11435997021,12,10,0.0000
11435997022,12,10,0.0000
11435997023,12,10,0.0000
11435997024,12,10,0.0000
11435997046,12,10,0.0000
11435997047,12,10,0.0000
11435997048,12,10,0.0000
11435997049,12,10,0.0000
11435997050,12,10,0.0000
11435997051,12,10,0.0000
11435997052,12,10,0.0000
11435997053,12,10,0.0000
11435997054,12,10,0.0000
11435997055,12,10,0.0000
11435997058,12,10,0.0000
11435997059,12,10,0.0000
11435997060,12,10,0.0000
11435997061,12,10,0.0000
11435997062,12,10,1.0000
11435997063,12,10,0.7500
11435997064,12,10,1.0000
11435997065,12,10,0.0000
11435997066,12,10,1.0000
11435997067,12,10,0.7500
11435997068,12,10,0.0000
11435997095,12,10,1.0000
11435997096,12,10,0.0000
11435997097,12,10,0.2500
11435997102,12,10,1.0000
11435997103,12,10,1.0000
11435997104,12,10,1.0000
11435997149,12,10,1.0000
11435997150,12,10,1.0000
11435997151,12,10,1.0000
11435997241,12,10,1.0000
11435997242,12,10,0.0000
11435997243,12,10,0.0000
11435997244,12,10,0.0000
11435997245,12,10,0.2500
11435997250,12,10,0.0000
11435997251,12,10,0.0000
11435997252,12,10,0.0000
11435997431,12,10,0.0000
11435997432,12,10,0.0000
11435997433,12,10,0.0000
11435997434,12,10,0.0000
11435997435,12,10,0.0000
11435997436,12,10,0.0000
11435997437,12,10,0.0000
11435997438,12,10,0.0000
11435997439,12,10,0.0000
11435997440,12,10,0.0000
11435997441,12,10,0.0000
11435997442,12,10,0.0000
11435997443,12,10,0.0000
11435997444,12,10,0.0000
11435997445,12,10,0.0000
11435997446,12,10,0.0000
11435997447,12,10,0.0000
11435997448,12,10,0.0000
11435997449,12,10,0.0000
11436260396,12,10,1.0000
11436260397,12,10,1.0000
11436260398,12,10,1.0000
11436260399,12,10,1.0000
11436266180,12,10,0.0000
11436266181,12,10,0.0000
11436266182,12,10,0.0000
11436266183,12,10,1.0000
11436266184,12,10,1.0000
11436266185,12,10,1.0000
11436266188,12,10,1.0000
11436266189,12,10,1.0000
11436266190,12,10,1.0000
11436266191,12,10,1.0000
11436266192,12,10,1.0000
11436266197,12,10,1.0000
11436266198,12,10,1.0000
11436266199,12,10,1.0000
11436266200,12,10,1.0000
11436266201,12,10,1.0000
11436266202,12,10,1.0000
11436266203,12,10,1.0000
11436266204,12,10,1.0000
11436266205,12,10,1.0000
11436266283,12,10,0.0000
11436266284,12,10,0.0000
11436266285,12,10,1.0000
11436266286,12,10,1.0000
11436266287,12,10,1.0000
11436266315,12,10,1.0000
11436266316,12,10,1.0000
11436266317,12,10,1.0000
11436266320,12,10,1.0000
11436266321,12,10,1.0000
11436266322,12,10,1.0000
11436266331,12,10,1.0000
11436266332,12,10,1.0000
11436266333,12,10,1.0000
11436266340,12,10,1.0000
11436266341,12,10,1.0000
11436266342,12,10,1.0000
11436266356,12,10,1.0000
11436266357,12,10,1.0000
11436266358,12,10,1.0000
11436266359,12,10,1.0000
11436266520,12,10,1.0000
11436266521,12,10,1.0000
11436266522,12,10,0.7500
11436266524,12,10,1.0000
11436266525,12,10,0.5000
11436266526,12,10,0.0000
11436266527,12,10,0.0000
11436266528,12,10,0.0000
11436266529,12,10,0.0000
11436266602,12,10,1.0000
11436266603,12,10,1.0000
11436266644,12,10,1.0000
11436266645,12,10,1.0000
11436266646,12,10,1.0000
11436266650,12,10,1.0000
11436266651,12,10,1.0000
11436266652,12,10,1.0000
11436266653,12,10,1.0000
11436266679,12,10,1.0000
11436266680,12,10,1.0000
11436266681,12,10,1.0000
11436266682,12,10,1.0000
11436266683,12,10,1.0000
11436266684,12,10,1.0000
11436266736,12,10,1.0000
11436266737,12,10,1.0000
11436266739,12,10,1.0000
11436266740,12,10,1.0000
11436266741,12,10,1.0000
11436266742,12,10,1.0000
11436266743,12,10,1.0000
11436266744,12,10,1.0000
11436266745,12,10,1.0000
11436266752,12,10,1.0000
11436266753,12,10,1.0000
11436266754,12,10,1.0000
11436266824,12,10,0.0000
11436266825,12,10,0.7500
11436266826,12,10,1.0000
11436266827,12,10,1.0000
11436266828,12,10,1.0000
11436266830,12,10,1.0000
11436266831,12,10,1.0000
11436266863,12,10,1.0000
11436266864,12,10,0.7500
11436266866,12,10,0.5000
11436266867,12,10,0.5000
11436266917,12,10,1.0000
11436266918,12,10,1.0000
11436266919,12,10,1.0000
11436266921,12,10,1.0000
11436266922,12,10,1.0000
11436266923,12,10,1.0000
11436266924,12,10,0.5000
11436266925,12,10,1.0000
11436266926,12,10,1.0000
11436266929,12,10,1.0000
11436266930,12,10,1.0000
11436266931,12,10,1.0000
11436266939,12,10,1.0000
11436266940,12,10,1.0000
11436266941,12,10,1.0000
11436267002,12,10,1.0000
11436267003,12,10,1.0000
11436267004,12,10,1.0000
11436267005,12,10,1.0000
11436267006,12,10,1.0000
11436267007,12,10,1.0000
11436267008,12,10,1.0000
11436267011,12,10,1.0000
11436267012,12,10,1.0000
11436267013,12,10,1.0000
11436267014,12,10,1.0000
11436267015,12,10,1.0000
11436267016,12,10,1.0000
11436596614,12,10,1.0000
11436596615,12,10,1.0000
11436596616,12,10,0.5000
11436596617,12,10,0.0000
11436609584,12,10,1.0000
11436609585,12,10,1.0000
11436609586,12,10,1.0000
11436609587,12,10,1.0000
11436609588,12,10,1.0000
11436609589,12,10,1.0000
11436609591,12,10,1.0000
11436609592,12,10,1.0000
11436609593,12,10,1.0000
11436609606,12,10,1.0000
11436609607,12,10,1.0000
11436609608,12,10,1.0000
11436609609,12,10,1.0000
11436609610,12,10,1.0000
11436609611,12,10,1.0000
11436609630,12,10,1.0000
11436609631,12,10,1.0000
11436609632,12,10,1.0000
11436609636,12,10,0.0000
11436609637,12,10,0.0000
11436609638,12,10,0.0000
11436609639,12,10,0.7500
11436609640,12,10,1.0000
11436609648,12,10,1.0000
11436609649,12,10,1.0000
11436609650,12,10,1.0000
11436609653,12,10,1.0000
11436609654,12,10,1.0000
11436609655,12,10,1.0000
11436610697,12,10,0.5000
11436610698,12,10,0.5000
11436610699,12,10,1.0000
11436610710,12,10,1.0000
11436610711,12,10,1.0000
11436610712,12,10,1.0000
11436610713,12,10,1.0000
11436610714,12,10,1.0000
11436610715,12,10,1.0000
11436610716,12,10,0.7500
11436610717,12,10,0.2500
11436610777,12,10,0.0000
11436610778,12,10,0.0000
11436610779,12,10,1.0000
11436610802,12,10,1.0000
11436610803,12,10,1.0000
11436610804,12,10,1.0000
11436610805,12,10,1.0000
11436610806,12,10,1.0000
11436610807,12,10,1.0000
11436610952,12,10,1.0000
11436610953,12,10,1.0000
11436610954,12,10,0.0000
11436610955,12,10,1.0000
11436610956,12,10,1.0000
11436610957,12,10,1.0000
11436610985,12,10,1.0000
11436610986,12,10,1.0000
11436610987,12,10,1.0000
11436611007,12,10,1.0000
11436611008,12,10,1.0000
11436611009,12,10,1.0000
11436611010,12,10,1.0000
11436611011,12,10,1.0000
11436611012,12,10,1.0000
11436611013,12,10,1.0000
11436611014,12,10,1.0000
11436611019,12,10,1.0000
11436611020,12,10,1.0000
11436611021,12,10,1.0000
11436611023,12,10,1.0000
11436611024,12,10,1.0000
11436611025,12,10,1.0000
11436611069,12,10,1.0000
11436611070,12,10,1.0000
11436611071,12,10,1.0000
11436611072,12,10,1.0000
11436611073,12,10,1.0000
11436611074,12,10,1.0000
11436611075,12,10,1.0000
11436611076,12,10,1.0000
11436611078,12,10,1.0000
11436611079,12,10,1.0000
11436611080,12,10,1.0000
11436611081,12,10,1.0000
11436611082,12,10,0.7500
11436611083,12,10,0.7500
11436611085,12,10,1.0000
11436611086,12,10,1.0000
11436611087,12,10,1.0000
11436611088,12,10,1.0000
11436611089,12,10,1.0000
11436611090,12,10,1.0000
11436611091,12,10,1.0000
11436611095,12,10,1.0000
11436611096,12,10,1.0000
11436611097,12,10,1.0000
11436611103,12,10,1.0000
11436611104,12,10,1.0000
11436611105,12,10,1.0000
11436611106,12,10,1.0000
11436611107,12,10,1.0000
11436611108,12,10,1.0000
11436611109,12,10,1.0000
11436611110,12,10,1.0000
11436611111,12,10,1.0000
11436611112,12,10,1.0000
11436611113,12,10,1.0000
11436611320,12,10,1.0000
11436611321,12,10,1.0000
11436611322,12,10,1.0000
11436611348,12,10,1.0000
11436611349,12,10,1.0000
11436611350,12,10,1.0000
11436611351,12,10,1.0000
11436611352,12,10,1.0000
11436611353,12,10,1.0000
11436611357,12,10,1.0000
11436611358,12,10,1.0000
11436611359,12,10,1.0000
11436611360,12,10,1.0000
11436611361,12,10,1.0000
11436611362,12,10,1.0000
11436611363,12,10,1.0000
11436611364,12,10,1.0000
11436611365,12,10,1.0000
11435810926,12,11,1.0000
11435810927,12,11,1.0000
11435810928,12,11,1.0000
11435810929,12,11,1.0000
11435810930,12,11,1.0000
11435810931,12,11,1.0000
11435811010,12,11,1.0000
11435811011,12,11,0.5000
11435811013,12,11,0.0000
11435811014,12,11,0.0000
11435811015,12,11,0.0000
11435811020,12,11,1.0000
11435811021,12,11,1.0000
11435811022,12,11,0.2500
11435989729,12,11,1.0000
11435989730,12,11,1.0000
11435989739,12,11,1.0000
11435989740,12,11,1.0000
11435989741,12,11,1.0000
11435989742,12,11,0.0000
11435989743,12,11,0.0000
11435989744,12,11,0.0000
11435989746,12,11,0.0000
11435989747,12,11,0.0000
11435989748,12,11,0.7500
11435989749,12,11,1.0000
11435989750,12,11,1.0000
11435989751,12,11,0.7500
11435996877,12,11,0.0000
11435996878,12,11,0.7500
11435996879,12,11,1.0000
11435996880,12,11,0.2500
11435996881,12,11,0.0000
11435996882,12,11,0.0000
11435996884,12,11,0.2500
11435996885,12,11,0.0000
11435996886,12,11,0.0000
11435996911,12,11,1.0000
11435996912,12,11,1.0000
11435996913,12,11,1.0000
11435996914,12,11,1.0000
11435996915,12,11,1.0000
11435996916,12,11,1.0000
11435996917,12,11,1.0000
11435996918,12,11,1.0000
11435996919,12,11,0.7500
11435996920,12,11,0.0000
11435996921,12,11,0.5000
11435996922,12,11,0.0000
11435996923,12,11,0.0000
11435996924,12,11,0.0000
11435996925,12,11,0.7500
11435996926,12,11,1.0000
11435996927,12,11,1.0000
11435996928,12,11,1.0000
11435996929,12,11,0.2500
11435996930,12,11,0.0000
11435996931,12,11,0.0000
11435996932,12,11,0.0000
11435996933,12,11,0.0000
11435996934,12,11,0.0000
11435996935,12,11,0.0000
11435996936,12,11,1.0000
11435996937,12,11,1.0000
11435996938,12,11,1.0000
11435996939,12,11,1.0000
11435996940,12,11,0.0000
11435996941,12,11,0.0000
11435996942,12,11,0.5000
11435996943,12,11,0.0000
11435996944,12,11,0.0000
11435996959,12,11,0.0000
11435996960,12,11,0.0000
11435996961,12,11,0.0000
11435996962,12,11,0.0000
11435996969,12,11,0.0000
11435996970,12,11,1.0000
11435996971,12,11,1.0000
11435996972,12,11,1.0000
11435996973,12,11,0.0000
11435996974,12,11,0.0000
11435996975,12,11,0.0000
11435996976,12,11,0.0000
11435997020,12,11,1.0000
11435997021,12,11,1.0000
11435997022,12,11,1.0000
11435997023,12,11,0.0000
11435997024,12,11,0.0000
11435997046,12,11,0.0000
11435997047,12,11,0.0000
11435997048,12,11,0.0000
11435997049,12,11,0.0000
11435997050,12,11,0.0000
11435997051,12,11,0.0000
11435997052,12,11,0.0000
11435997053,12,11,0.0000
11435997054,12,11,0.0000
11435997055,12,11,0.0000
11435997058,12,11,1.0000
11435997059,12,11,0.0000
11435997060,12,11,0.0000
11435997061,12,11,0.0000
11435997062,12,11,0.0000
11435997063,12,11,0.0000
11435997064,12,11,0.0000
11435997065,12,11,0.5000
11435997066,12,11,0.0000
11435997067,12,11,0.0000
11435997068,12,11,0.0000
11435997095,12,11,1.0000
11435997096,12,11,1.0000
11435997097,12,11,1.0000
11435997102,12,11,1.0000
11435997103,12,11,1.0000
11435997104,12,11,1.0000
11435997149,12,11,1.0000
11435997150,12,11,1.0000
11435997151,12,11,0.7500
11435997241,12,11,0.2500
11435997242,12,11,1.0000
11435997243,12,11,0.0000
11435997244,12,11,0.0000
11435997245,12,11,0.0000
11435997250,12,11,0.0000
11435997251,12,11,0.0000
11435997252,12,11,0.0000
11435997431,12,11,0.0000
11435997432,12,11,0.0000
11435997433,12,11,0.0000
11435997434,12,11,0.0000
11435997435,12,11,0.0000
11435997436,12,11,0.0000
11435997437,12,11,0.0000
11435997438,12,11,0.0000
11435997439,12,11,0.0000
11435997440,12,11,0.0000
11435997441,12,11,0.0000
11435997442,12,11,0.0000
11435997443,12,11,0.0000
11435997444,12,11,0.0000
11435997445,12,11,0.0000
11435997446,12,11,0.0000
11435997447,12,11,0.0000
11435997448,12,11,0.0000
11435997449,12,11,0.0000
11436260396,12,11,0.0000
11436260397,12,11,0.0000
11436260398,12,11,0.0000
11436260399,12,11,0.0000
11436266180,12,11,0.0000
11436266181,12,11,0.2500
11436266182,12,11,0.5000
11436266183,12,11,0.5000
11436266184,12,11,0.7500
11436266185,12,11,0.7500
11436266188,12,11,0.7500
11436266189,12,11,0.7500
11436266190,12,11,0.7500
11436266191,12,11,0.5000
11436266192,12,11,0.2500
11436266197,12,11,1.0000
11436266198,12,11,1.0000
11436266199,12,11,1.0000
11436266200,12,11,1.0000
11436266201,12,11,1.0000
11436266202,12,11,1.0000
11436266203,12,11,1.0000
11436266204,12,11,1.0000
11436266205,12,11,1.0000
11436266283,12,11,0.0000
11436266284,12,11,0.0000
11436266285,12,11,0.0000
11436266286,12,11,0.0000
11436266287,12,11,0.0000
11436266315,12,11,0.2500
11436266316,12,11,1.0000
11436266317,12,11,0.7500
11436266320,12,11,1.0000
11436266321,12,11,1.0000
11436266322,12,11,1.0000
11436266331,12,11,1.0000
11436266332,12,11,1.0000
11436266333,12,11,1.0000
11436266340,12,11,1.0000
11436266341,12,11,1.0000
11436266342,12,11,1.0000
11436266356,12,11,1.0000
11436266357,12,11,1.0000
11436266358,12,11,1.0000
11436266359,12,11,1.0000
11436266520,12,11,0.7500
11436266521,12,11,1.0000
11436266522,12,11,1.0000
11436266524,12,11,0.0000
11436266525,12,11,0.0000
11436266526,12,11,0.0000
11436266527,12,11,0.0000
11436266528,12,11,0.0000
11436266529,12,11,0.0000
11436266602,12,11,1.0000
11436266603,12,11,1.0000
11436266644,12,11,1.0000
11436266645,12,11,1.0000
11436266646,12,11,1.0000
11436266650,12,11,1.0000
11436266651,12,11,1.0000
11436266652,12,11,1.0000
11436266653,12,11,1.0000
11436266679,12,11,1.0000
11436266680,12,11,1.0000
11436266681,12,11,0.7500
11436266682,12,11,1.0000
11436266683,12,11,1.0000
11436266684,12,11,1.0000
11436266736,12,11,1.0000
11436266737,12,11,1.0000
11436266739,12,11,1.0000
11436266740,12,11,1.0000
11436266741,12,11,1.0000
11436266742,12,11,1.0000
11436266743,12,11,1.0000
11436266744,12,11,1.0000
11436266745,12,11,1.0000
11436266752,12,11,1.0000
11436266753,12,11,1.0000
11436266754,12,11,1.0000
11436266824,12,11,1.0000
11436266825,12,11,1.0000
11436266826,12,11,1.0000
11436266827,12,11,1.0000
11436266828,12,11,1.0000
11436266830,12,11,1.0000
11436266831,12,11,1.0000
11436266863,12,11,1.0000
11436266864,12,11,1.0000
11436266866,12,11,1.0000
11436266867,12,11,1.0000
11436266917,12,11,1.0000
11436266918,12,11,1.0000
11436266919,12,11,1.0000
11436266921,12,11,1.0000
11436266922,12,11,1.0000
11436266923,12,11,1.0000
11436266924,12,11,1.0000
11436266925,12,11,1.0000
11436266926,12,11,1.0000
11436266929,12,11,1.0000
11436266930,12,11,1.0000
11436266931,12,11,1.0000
11436266939,12,11,1.0000
11436266940,12,11,1.0000
11436266941,12,11,1.0000
11436267002,12,11,1.0000
11436267003,12,11,1.0000
11436267004,12,11,1.0000
11436267005,12,11,1.0000
11436267006,12,11,1.0000
11436267007,12,11,1.0000
11436267008,12,11,1.0000
11436267011,12,11,1.0000
11436267012,12,11,1.0000
11436267013,12,11,1.0000
11436267014,12,11,1.0000
11436267015,12,11,1.0000
11436267016,12,11,1.0000
11436596614,12,11,1.0000
11436596615,12,11,1.0000
11436596616,12,11,1.0000
11436596617,12,11,1.0000
11436609584,12,11,1.0000
11436609585,12,11,1.0000
11436609586,12,11,1.0000
11436609587,12,11,0.0000
11436609588,12,11,1.0000
11436609589,12,11,0.7500
11436609591,12,11,1.0000
11436609592,12,11,1.0000
11436609593,12,11,1.0000
11436609606,12,11,0.0000
11436609607,12,11,0.0000
11436609608,12,11,0.5000
11436609609,12,11,1.0000
11436609610,12,11,1.0000
11436609611,12,11,1.0000
11436609630,12,11,1.0000
11436609631,12,11,1.0000
11436609632,12,11,1.0000
11436609636,12,11,0.0000
11436609637,12,11,0.0000
11436609638,12,11,0.0000
11436609639,12,11,0.0000
11436609640,12,11,0.0000
11436609648,12,11,0.0000
11436609649,12,11,0.5000
11436609650,12,11,1.0000
11436609653,12,11,1.0000
11436609654,12,11,1.0000
11436609655,12,11,1.0000
11436610697,12,11,0.0000
11436610698,12,11,0.0000
11436610699,12,11,0.0000
11436610710,12,11,1.0000
11436610711,12,11,1.0000
11436610712,12,11,1.0000
11436610713,12,11,1.0000
11436610714,12,11,1.0000
11436610715,12,11,1.0000
11436610716,12,11,1.0000
11436610717,12,11,1.0000
11436610777,12,11,1.0000
11436610778,12,11,1.0000
11436610779,12,11,1.0000
11436610802,12,11,1.0000
11436610803,12,11,1.0000
11436610804,12,11,1.0000
11436610805,12,11,1.0000
11436610806,12,11,1.0000
11436610807,12,11,1.0000
11436610952,12,11,1.0000
11436610953,12,11,1.0000
11436610954,12,11,1.0000
11436610955,12,11,1.0000
11436610956,12,11,1.0000
11436610957,12,11,1.0000
11436610985,12,11,1.0000
11436610986,12,11,1.0000
11436610987,12,11,1.0000
11436611007,12,11,1.0000
11436611008,12,11,1.0000
11436611009,12,11,1.0000
11436611010,12,11,1.0000
11436611011,12,11,1.0000
11436611012,12,11,1.0000
11436611013,12,11,1.0000
11436611014,12,11,1.0000
11436611019,12,11,1.0000
11436611020,12,11,1.0000
11436611021,12,11,1.0000
11436611023,12,11,0.2500
11436611024,12,11,1.0000
11436611025,12,11,1.0000
11436611069,12,11,1.0000
11436611070,12,11,1.0000
11436611071,12,11,1.0000
11436611072,12,11,1.0000
11436611073,12,11,1.0000
11436611074,12,11,1.0000
11436611075,12,11,1.0000
11436611076,12,11,1.0000
11436611078,12,11,1.0000
11436611079,12,11,1.0000
11436611080,12,11,1.0000
11436611081,12,11,1.0000
11436611082,12,11,1.0000
11436611083,12,11,1.0000
11436611085,12,11,1.0000
11436611086,12,11,1.0000
11436611087,12,11,1.0000
11436611088,12,11,1.0000
11436611089,12,11,1.0000
11436611090,12,11,1.0000
11436611091,12,11,1.0000
11436611095,12,11,1.0000
11436611096,12,11,1.0000
11436611097,12,11,1.0000
11436611103,12,11,1.0000
11436611104,12,11,1.0000
11436611105,12,11,1.0000
11436611106,12,11,1.0000
11436611107,12,11,1.0000
11436611108,12,11,1.0000
11436611109,12,11,1.0000
11436611110,12,11,1.0000
11436611111,12,11,1.0000
11436611112,12,11,1.0000
11436611113,12,11,1.0000
11436611320,12,11,1.0000
11436611321,12,11,1.0000
11436611322,12,11,1.0000
11436611348,12,11,1.0000
11436611349,12,11,1.0000
11436611350,12,11,1.0000
11436611351,12,11,1.0000
11436611352,12,11,1.0000
11436611353,12,11,1.0000
11436611357,12,11,1.0000
11436611358,12,11,1.0000
11436611359,12,11,1.0000
11436611360,12,11,1.0000
11436611361,12,11,1.0000
11436611362,12,11,1.0000
11436611363,12,11,1.0000
11436611364,12,11,1.0000
11436611365,12,11,1.0000
